内部ID,status,message,ts
123610,OK,Deleted,2025-12-19 11:36:12
123611,OK,Deleted,2025-12-19 11:36:16
123612,OK,Deleted,2025-12-19 11:36:19
123613,OK,Deleted,2025-12-19 11:36:22
123614,OK,Deleted,2025-12-19 11:36:24
123615,OK,Deleted,2025-12-19 11:36:27
123616,OK,Deleted,2025-12-19 11:36:30
123617,OK,Deleted,2025-12-19 11:36:34
123618,OK,Deleted,2025-12-19 11:36:36
123619,OK,Deleted,2025-12-19 11:36:39
123620,OK,Deleted,2025-12-19 11:36:42
123621,OK,Deleted,2025-12-19 11:36:45
123622,OK,Deleted,2025-12-19 11:36:48
123623,OK,Deleted,2025-12-19 11:36:50
123624,OK,Deleted,2025-12-19 11:36:53
123625,OK,Deleted,2025-12-19 11:36:56
123626,OK,Deleted,2025-12-19 11:36:59
123627,OK,Deleted,2025-12-19 11:37:02
123628,OK,Deleted,2025-12-19 11:37:04
123629,OK,Deleted,2025-12-19 11:37:07
123630,OK,Deleted,2025-12-19 11:37:10
123631,OK,Deleted,2025-12-19 11:37:13
123632,OK,Deleted,2025-12-19 11:37:16
123633,OK,Deleted,2025-12-19 11:37:19
123634,OK,Deleted,2025-12-19 11:37:22
123635,OK,Deleted,2025-12-19 11:37:25
123636,OK,Deleted,2025-12-19 11:37:28
123637,OK,Deleted,2025-12-19 11:37:31
123639,OK,Deleted,2025-12-19 11:37:35
123640,OK,Deleted,2025-12-19 11:37:38
123641,OK,Deleted,2025-12-19 11:37:41
123642,OK,Deleted,2025-12-19 11:37:44
123643,OK,Deleted,2025-12-19 11:37:48
123644,OK,Deleted,2025-12-19 11:37:51
123645,OK,Deleted,2025-12-19 11:37:54
123646,OK,Deleted,2025-12-19 11:37:57
123647,OK,Deleted,2025-12-19 11:38:00
123648,OK,Deleted,2025-12-19 11:38:04
123649,OK,Deleted,2025-12-19 11:38:08
123650,OK,Deleted,2025-12-19 11:38:11
123651,OK,Deleted,2025-12-19 11:38:15
123652,OK,Deleted,2025-12-19 11:38:18
123653,OK,Deleted,2025-12-19 11:38:21
123654,OK,Deleted,2025-12-19 11:38:25
123655,OK,Deleted,2025-12-19 11:38:27
123656,OK,Deleted,2025-12-19 11:38:31
123657,OK,Deleted,2025-12-19 11:38:34
123658,OK,Deleted,2025-12-19 11:38:37
123659,OK,Deleted,2025-12-19 11:38:40
123660,OK,Deleted,2025-12-19 11:38:44
123661,OK,Deleted,2025-12-19 11:38:47
123662,OK,Deleted,2025-12-19 11:38:51
123663,OK,Deleted,2025-12-19 11:38:54
123664,OK,Deleted,2025-12-19 11:38:57
123665,OK,Deleted,2025-12-19 11:39:01
123666,OK,Deleted,2025-12-19 11:39:04
123667,OK,Deleted,2025-12-19 11:39:08
123668,OK,Deleted,2025-12-19 11:39:11
123669,OK,Deleted,2025-12-19 11:39:14
123670,OK,Deleted,2025-12-19 11:39:17
123671,OK,Deleted,2025-12-19 11:39:20
123672,OK,Deleted,2025-12-19 11:39:23
123673,OK,Deleted,2025-12-19 11:39:26
123674,OK,Deleted,2025-12-19 11:39:30
123675,OK,Deleted,2025-12-19 11:39:33
123676,OK,Deleted,2025-12-19 11:39:36
123677,OK,Deleted,2025-12-19 11:39:39
123678,OK,Deleted,2025-12-19 11:39:43
123679,OK,Deleted,2025-12-19 11:39:46
123680,OK,Deleted,2025-12-19 11:39:49
123681,OK,Deleted,2025-12-19 11:39:52
123682,OK,Deleted,2025-12-19 11:39:56
123683,OK,Deleted,2025-12-19 11:39:59
123684,OK,Deleted,2025-12-19 11:40:02
123685,OK,Deleted,2025-12-19 11:40:06
123686,OK,Deleted,2025-12-19 11:40:09
123687,OK,Deleted,2025-12-19 11:40:13
123688,OK,Deleted,2025-12-19 11:40:17
123689,OK,Deleted,2025-12-19 11:40:20
123690,OK,Deleted,2025-12-19 11:40:23
123691,OK,Deleted,2025-12-19 11:40:26
123692,OK,Deleted,2025-12-19 11:40:29
123693,OK,Deleted,2025-12-19 11:40:32
123694,OK,Deleted,2025-12-19 11:40:36
123695,OK,Deleted,2025-12-19 11:40:39
123696,OK,Deleted,2025-12-19 11:40:43
123697,OK,Deleted,2025-12-19 11:40:46
123698,OK,Deleted,2025-12-19 11:40:49
123699,OK,Deleted,2025-12-19 11:40:52
123700,OK,Deleted,2025-12-19 11:40:55
123701,OK,Deleted,2025-12-19 11:40:58
123702,OK,Deleted,2025-12-19 11:41:01
123703,OK,Deleted,2025-12-19 11:41:04
123704,OK,Deleted,2025-12-19 11:41:08
123705,OK,Deleted,2025-12-19 11:41:11
123706,OK,Deleted,2025-12-19 11:41:14
123707,OK,Deleted,2025-12-19 11:41:17
123708,OK,Deleted,2025-12-19 11:41:21
123709,OK,Deleted,2025-12-19 11:41:25
123710,OK,Deleted,2025-12-19 11:41:28
123711,OK,Deleted,2025-12-19 11:41:32
123712,OK,Deleted,2025-12-19 11:41:35
123713,OK,Deleted,2025-12-19 11:41:39
123714,OK,Deleted,2025-12-19 11:41:42
123715,OK,Deleted,2025-12-19 11:41:45
123716,OK,Deleted,2025-12-19 11:41:48
123717,OK,Deleted,2025-12-19 11:41:51
123718,OK,Deleted,2025-12-19 11:41:54
123719,OK,Deleted,2025-12-19 11:41:58
123720,OK,Deleted,2025-12-19 11:42:01
123721,OK,Deleted,2025-12-19 11:42:05
123722,OK,Deleted,2025-12-19 11:42:08
123723,OK,Deleted,2025-12-19 11:42:11
123724,OK,Deleted,2025-12-19 11:42:14
123725,OK,Deleted,2025-12-19 11:42:17
123726,OK,Deleted,2025-12-19 11:42:20
123727,OK,Deleted,2025-12-19 11:42:23
123728,OK,Deleted,2025-12-19 11:42:27
123729,OK,Deleted,2025-12-19 11:42:30
123730,OK,Deleted,2025-12-19 11:42:33
123731,OK,Deleted,2025-12-19 11:42:36
123732,OK,Deleted,2025-12-19 11:42:39
123733,OK,Deleted,2025-12-19 11:42:43
123734,OK,Deleted,2025-12-19 11:42:46
123735,OK,Deleted,2025-12-19 11:42:49
123736,OK,Deleted,2025-12-19 11:42:53
123737,OK,Deleted,2025-12-19 11:42:58
123738,OK,Deleted,2025-12-19 11:43:01
123739,OK,Deleted,2025-12-19 11:43:04
123740,OK,Deleted,2025-12-19 11:43:07
123741,OK,Deleted,2025-12-19 11:43:10
123742,OK,Deleted,2025-12-19 11:43:13
123743,OK,Deleted,2025-12-19 11:43:17
123744,OK,Deleted,2025-12-19 11:43:20
123745,OK,Deleted,2025-12-19 11:43:23
123746,OK,Deleted,2025-12-19 11:43:26
123747,OK,Deleted,2025-12-19 11:43:29
123748,OK,Deleted,2025-12-19 11:43:33
123749,OK,Deleted,2025-12-19 11:43:36
123750,OK,Deleted,2025-12-19 11:43:39
123751,OK,Deleted,2025-12-19 11:43:42
123752,OK,Deleted,2025-12-19 11:43:45
123753,OK,Deleted,2025-12-19 11:43:48
123754,OK,Deleted,2025-12-19 11:43:51
123755,OK,Deleted,2025-12-19 11:43:54
123756,OK,Deleted,2025-12-19 11:43:57
123757,OK,Deleted,2025-12-19 11:44:00
123758,OK,Deleted,2025-12-19 11:44:03
123759,OK,Deleted,2025-12-19 11:44:07
123760,OK,Deleted,2025-12-19 11:44:10
123761,OK,Deleted,2025-12-19 11:44:13
123762,OK,Deleted,2025-12-19 11:44:28
123763,OK,Deleted,2025-12-19 11:44:44
123764,OK,Deleted,2025-12-19 11:45:00
123807,OK,Deleted,2025-12-19 11:45:16
123808,OK,Deleted,2025-12-19 11:45:33
123809,OK,Deleted,2025-12-19 11:45:49
123810,OK,Deleted,2025-12-19 11:46:05
123811,OK,Deleted,2025-12-19 11:46:21
123812,OK,Deleted,2025-12-19 11:46:38
123813,OK,Deleted,2025-12-19 11:46:54
123814,OK,Deleted,2025-12-19 11:47:10
123815,OK,Deleted,2025-12-19 11:47:25
123816,OK,Deleted,2025-12-19 11:47:41
123817,OK,Deleted,2025-12-19 11:47:57
123818,OK,Deleted,2025-12-19 11:48:13
123819,OK,Deleted,2025-12-19 11:48:30
123820,OK,Deleted,2025-12-19 11:48:46
123821,OK,Deleted,2025-12-19 11:49:02
123822,OK,Deleted,2025-12-19 11:49:18
123823,OK,Deleted,2025-12-19 11:49:34
123824,OK,Deleted,2025-12-19 11:49:50
123825,OK,Deleted,2025-12-19 11:50:06
123826,OK,Deleted,2025-12-19 11:50:22
123827,OK,Deleted,2025-12-19 11:50:38
123828,OK,Deleted,2025-12-19 11:50:54
123829,OK,Deleted,2025-12-19 11:51:10
123830,OK,Deleted,2025-12-19 11:51:26
123831,OK,Deleted,2025-12-19 11:51:43
123832,OK,Deleted,2025-12-19 11:51:59
123833,OK,Deleted,2025-12-19 11:52:15
123834,OK,Deleted,2025-12-19 11:52:31
123835,OK,Deleted,2025-12-19 11:52:47
123836,OK,Deleted,2025-12-19 11:53:03
123837,NG,"TimeoutException: Message: None present: [""//button[normalize-space()='アクション']"", ""//a[normalize-space()='アクション']"", ""//*[normalize-space()='アクション']/ancestor::button[1]"", ""//*[normalize-space()='アクション']/ancestor::a[1]""] ; last=Message: no such element: Unable to locate element: {""method"":""xpath"",""selector"":""//*[normalize-space()='アクション']/ancestor::a[1]""}
  (Session info: chrome=143.0.7499.41); For documentation on this error, please visit: https://www.selenium.dev/documentation/webdriver/troubleshooting/errors#nosuchelementexception
Stacktrace:
Symbols not available. Dumping unresolved backtrace:
	0x7ff759ac88e5
	0x7ff759ac8940
	0x7ff7598a165d
	0x7ff7598f9a33
	0x7ff7598f9d3c
	0x7ff75994df67
	0x7ff75994ac97
	0x7ff7598eac29
	0x7ff7598eba93
	0x7ff759de0640
	0x7ff759ddaf80
	0x7ff759df96e6
	0x7ff759ae5de4
	0x7ff759aeed8c
	0x7ff759ad2004
	0x7ff759ad21b5
	0x7ff759ab7ee2
	0x7ffb21f0e8d7
	0x7ffb2342c53c

",2025-12-19 11:53:19
123839,OK,Deleted,2025-12-19 11:53:46
123840,OK,Deleted,2025-12-19 11:54:02
123841,OK,Deleted,2025-12-19 11:54:18
123842,OK,Deleted,2025-12-19 11:54:35
123843,OK,Deleted,2025-12-19 11:54:51
123844,OK,Deleted,2025-12-19 11:55:07
123845,OK,Deleted,2025-12-19 11:55:23
123846,OK,Deleted,2025-12-19 11:55:39
123847,OK,Deleted,2025-12-19 11:55:56
123848,OK,Deleted,2025-12-19 11:56:12
123849,OK,Deleted,2025-12-19 11:56:28
123850,OK,Deleted,2025-12-19 11:56:44
123852,OK,Deleted,2025-12-19 11:57:00
123853,OK,Deleted,2025-12-19 11:57:16
123854,OK,Deleted,2025-12-19 11:57:32
123855,OK,Deleted,2025-12-19 11:57:48
123856,OK,Deleted,2025-12-19 11:58:04
123857,OK,Deleted,2025-12-19 11:58:20
123858,OK,Deleted,2025-12-19 11:58:36
123859,OK,Deleted,2025-12-19 11:58:52
123860,OK,Deleted,2025-12-19 11:59:09
123861,OK,Deleted,2025-12-19 11:59:24
123862,OK,Deleted,2025-12-19 11:59:40
123863,OK,Deleted,2025-12-19 11:59:56
123864,OK,Deleted,2025-12-19 12:00:12
123865,OK,Deleted,2025-12-19 12:00:28
123866,OK,Deleted,2025-12-19 12:00:44
123867,OK,Deleted,2025-12-19 12:01:00
123868,OK,Deleted,2025-12-19 12:01:16
123869,OK,Deleted,2025-12-19 12:01:32
123870,OK,Deleted,2025-12-19 12:01:48
123871,OK,Deleted,2025-12-19 12:02:05
123872,OK,Deleted,2025-12-19 12:02:21
123873,OK,Deleted,2025-12-19 12:02:37
123874,OK,Deleted,2025-12-19 12:02:53
123875,OK,Deleted,2025-12-19 12:03:09
123876,OK,Deleted,2025-12-19 12:03:25
123877,OK,Deleted,2025-12-19 12:03:41
123878,OK,Deleted,2025-12-19 12:03:57
123879,OK,Deleted,2025-12-19 12:04:13
123880,OK,Deleted,2025-12-19 12:04:17
123881,OK,Deleted,2025-12-19 12:04:20
123882,OK,Deleted,2025-12-19 12:04:22
123883,OK,Deleted,2025-12-19 12:04:24
123884,OK,Deleted,2025-12-19 12:04:27
123885,OK,Deleted,2025-12-19 12:04:30
123886,NG,"TimeoutException: Message: None present: [""//button[normalize-space()='アクション']"", ""//a[normalize-space()='アクション']"", ""//*[normalize-space()='アクション']/ancestor::button[1]"", ""//*[normalize-space()='アクション']/ancestor::a[1]""] ; last=Message: no such element: Unable to locate element: {""method"":""xpath"",""selector"":""//*[normalize-space()='アクション']/ancestor::a[1]""}
  (Session info: chrome=143.0.7499.41); For documentation on this error, please visit: https://www.selenium.dev/documentation/webdriver/troubleshooting/errors#nosuchelementexception
Stacktrace:
Symbols not available. Dumping unresolved backtrace:
	0x7ff759ac88e5
	0x7ff759ac8940
	0x7ff7598a165d
	0x7ff7598f9a33
	0x7ff7598f9d3c
	0x7ff75994df67
	0x7ff75994ac97
	0x7ff7598eac29
	0x7ff7598eba93
	0x7ff759de0640
	0x7ff759ddaf80
	0x7ff759df96e6
	0x7ff759ae5de4
	0x7ff759aeed8c
	0x7ff759ad2004
	0x7ff759ad21b5
	0x7ff759ab7ee2
	0x7ffb21f0e8d7
	0x7ffb2342c53c

",2025-12-19 12:04:31
123887,OK,Deleted,2025-12-19 12:04:57
123888,OK,Deleted,2025-12-19 12:05:00
123889,OK,Deleted,2025-12-19 12:05:03
123890,OK,Deleted,2025-12-19 12:05:06
123891,OK,Deleted,2025-12-19 12:05:08
123892,OK,Deleted,2025-12-19 12:05:11
123893,OK,Deleted,2025-12-19 12:05:13
123894,OK,Deleted,2025-12-19 12:05:16
123895,OK,Deleted,2025-12-19 12:05:18
123896,OK,Deleted,2025-12-19 12:05:21
123897,OK,Deleted,2025-12-19 12:05:23
123898,OK,Deleted,2025-12-19 12:05:27
123899,NG,"StaleElementReferenceException: Message: stale element reference: stale element not found in the current frame
  (Session info: chrome=143.0.7499.41); For documentation on this error, please visit: https://www.selenium.dev/documentation/webdriver/troubleshooting/errors#staleelementreferenceexception
Stacktrace:
Symbols not available. Dumping unresolved backtrace:
	0x7ff759ac88e5
	0x7ff759ac8940
	0x7ff7598a165d
	0x7ff7598a92cc
	0x7ff7598ac3b4
	0x7ff7598ac47f
	0x7ff7598fbc4c
	0x7ff7598ecdec
	0x7ff759921fda
	0x7ff7598ec746
	0x7ff75994ac97
	0x7ff7598eac29
	0x7ff7598eba93
	0x7ff759de0640
	0x7ff759ddaf80
	0x7ff759df96e6
	0x7ff759ae5de4
	0x7ff759aeed8c
	0x7ff759ad2004
	0x7ff759ad21b5
	0x7ff759ab7ee2
	0x7ffb21f0e8d7
	0x7ffb2342c53c
",2025-12-19 12:05:29
123900,OK,Deleted,2025-12-19 12:05:30
123901,OK,Deleted,2025-12-19 12:05:33
123902,OK,Deleted,2025-12-19 12:05:36
123903,OK,Deleted,2025-12-19 12:05:38
123904,OK,Deleted,2025-12-19 12:05:41
123905,OK,Deleted,2025-12-19 12:05:43
123906,OK,Deleted,2025-12-19 12:05:46
123907,OK,Deleted,2025-12-19 12:05:49
123908,OK,Deleted,2025-12-19 12:05:52
123909,OK,Deleted,2025-12-19 12:05:55
123910,OK,Deleted,2025-12-19 12:05:57
123911,OK,Deleted,2025-12-19 12:06:00
123912,OK,Deleted,2025-12-19 12:06:03
123913,OK,Deleted,2025-12-19 12:06:06
123914,OK,Deleted,2025-12-19 12:06:08
123915,OK,Deleted,2025-12-19 12:06:11
123916,OK,Deleted,2025-12-19 12:06:14
123917,OK,Deleted,2025-12-19 12:06:18
123918,OK,Deleted,2025-12-19 12:06:21
123919,OK,Deleted,2025-12-19 12:06:24
123920,OK,Deleted,2025-12-19 12:06:27
123921,OK,Deleted,2025-12-19 12:06:29
123922,OK,Deleted,2025-12-19 12:06:33
123923,OK,Deleted,2025-12-19 12:06:36
123924,OK,Deleted,2025-12-19 12:06:38
123925,OK,Deleted,2025-12-19 12:06:41
123926,OK,Deleted,2025-12-19 12:06:43
123927,OK,Deleted,2025-12-19 12:06:45
123928,OK,Deleted,2025-12-19 12:06:48
123929,OK,Deleted,2025-12-19 12:06:50
123930,OK,Deleted,2025-12-19 12:06:52
123931,OK,Deleted,2025-12-19 12:06:55
123932,OK,Deleted,2025-12-19 12:06:58
123933,OK,Deleted,2025-12-19 12:07:00
123934,OK,Deleted,2025-12-19 12:07:03
123935,OK,Deleted,2025-12-19 12:07:06
123936,OK,Deleted,2025-12-19 12:07:08
123937,OK,Deleted,2025-12-19 12:07:11
123938,OK,Deleted,2025-12-19 12:07:13
123939,OK,Deleted,2025-12-19 12:07:16
123940,OK,Deleted,2025-12-19 12:07:19
123941,NG,"StaleElementReferenceException: Message: stale element reference: stale element not found in the current frame
  (Session info: chrome=143.0.7499.41); For documentation on this error, please visit: https://www.selenium.dev/documentation/webdriver/troubleshooting/errors#staleelementreferenceexception
Stacktrace:
Symbols not available. Dumping unresolved backtrace:
	0x7ff759ac88e5
	0x7ff759ac8940
	0x7ff7598a165d
	0x7ff7598a92cc
	0x7ff7598ac3b4
	0x7ff7598ac47f
	0x7ff7598fbc4c
	0x7ff7598ecdec
	0x7ff759921fda
	0x7ff7598ec746
	0x7ff75994ac97
	0x7ff7598eac29
	0x7ff7598eba93
	0x7ff759de0640
	0x7ff759ddaf80
	0x7ff759df96e6
	0x7ff759ae5de4
	0x7ff759aeed8c
	0x7ff759ad2004
	0x7ff759ad21b5
	0x7ff759ab7ee2
	0x7ffb21f0e8d7
	0x7ffb2342c53c
",2025-12-19 12:07:21
123942,OK,Deleted,2025-12-19 12:07:22
123943,OK,Deleted,2025-12-19 12:07:25
123944,OK,Deleted,2025-12-19 12:07:27
123945,OK,Deleted,2025-12-19 12:07:30
123946,OK,Deleted,2025-12-19 12:07:32
123947,OK,Deleted,2025-12-19 12:07:34
123948,OK,Deleted,2025-12-19 12:07:37
123949,OK,Deleted,2025-12-19 12:07:39
123950,OK,Deleted,2025-12-19 12:07:41
123951,OK,Deleted,2025-12-19 12:07:44
123952,OK,Deleted,2025-12-19 12:07:46
123953,OK,Deleted,2025-12-19 12:07:48
123954,OK,Deleted,2025-12-19 12:07:51
123955,OK,Deleted,2025-12-19 12:07:54
123956,OK,Deleted,2025-12-19 12:07:56
123957,OK,Deleted,2025-12-19 12:07:58
123958,OK,Deleted,2025-12-19 12:08:01
123959,OK,Deleted,2025-12-19 12:08:04
123960,OK,Deleted,2025-12-19 12:08:06
123961,OK,Deleted,2025-12-19 12:08:08
123962,OK,Deleted,2025-12-19 12:08:09
123963,OK,Deleted,2025-12-19 12:08:13
123964,OK,Deleted,2025-12-19 12:08:16
124056,OK,Deleted,2025-12-19 12:08:18
129107,OK,Deleted,2025-12-19 12:08:20
129108,OK,Deleted,2025-12-19 12:08:23
129109,OK,Deleted,2025-12-19 12:08:25
129110,OK,Deleted,2025-12-19 12:08:28
129111,OK,Deleted,2025-12-19 12:08:30
129112,OK,Deleted,2025-12-19 12:08:33
129113,OK,Deleted,2025-12-19 12:08:35
129114,OK,Deleted,2025-12-19 12:08:38
129115,OK,Deleted,2025-12-19 12:08:40
129116,OK,Deleted,2025-12-19 12:08:43
129117,OK,Deleted,2025-12-19 12:08:45
129118,OK,Deleted,2025-12-19 12:08:48
129119,OK,Deleted,2025-12-19 12:08:50
129120,OK,Deleted,2025-12-19 12:08:52
129121,OK,Deleted,2025-12-19 12:08:54
129122,OK,Deleted,2025-12-19 12:08:57
129123,OK,Deleted,2025-12-19 12:08:59
129124,OK,Deleted,2025-12-19 12:09:02
129125,OK,Deleted,2025-12-19 12:09:04
129126,OK,Deleted,2025-12-19 12:09:06
129127,OK,Deleted,2025-12-19 12:09:09
129128,OK,Deleted,2025-12-19 12:09:11
129129,OK,Deleted,2025-12-19 12:09:14
129130,OK,Deleted,2025-12-19 12:09:16
129131,OK,Deleted,2025-12-19 12:09:19
129132,OK,Deleted,2025-12-19 12:09:21
129133,OK,Deleted,2025-12-19 12:09:23
129134,OK,Deleted,2025-12-19 12:09:26
129135,OK,Deleted,2025-12-19 12:09:28
129136,OK,Deleted,2025-12-19 12:09:31
129137,OK,Deleted,2025-12-19 12:09:34
129139,OK,Deleted,2025-12-19 12:09:36
129140,OK,Deleted,2025-12-19 12:09:39
129141,OK,Deleted,2025-12-19 12:09:41
129142,OK,Deleted,2025-12-19 12:09:44
129143,OK,Deleted,2025-12-19 12:09:46
129144,OK,Deleted,2025-12-19 12:09:49
129145,OK,Deleted,2025-12-19 12:09:51
129146,OK,Deleted,2025-12-19 12:09:54
129147,OK,Deleted,2025-12-19 12:09:56
129148,OK,Deleted,2025-12-19 12:09:58
129149,OK,Deleted,2025-12-19 12:10:00
129150,OK,Deleted,2025-12-19 12:10:03
129151,OK,Deleted,2025-12-19 12:10:05
129152,OK,Deleted,2025-12-19 12:10:07
129153,OK,Deleted,2025-12-19 12:10:10
129154,OK,Deleted,2025-12-19 12:10:12
129155,OK,Deleted,2025-12-19 12:10:14
129156,OK,Deleted,2025-12-19 12:10:16
129157,OK,Deleted,2025-12-19 12:10:19
129158,OK,Deleted,2025-12-19 12:10:21
129159,OK,Deleted,2025-12-19 12:10:24
129160,OK,Deleted,2025-12-19 12:10:27
129161,OK,Deleted,2025-12-19 12:10:30
129162,OK,Deleted,2025-12-19 12:10:32
129163,OK,Deleted,2025-12-19 12:10:35
129164,OK,Deleted,2025-12-19 12:10:38
129165,OK,Deleted,2025-12-19 12:10:41
129166,OK,Deleted,2025-12-19 12:10:44
129167,OK,Deleted,2025-12-19 12:10:46
129168,OK,Deleted,2025-12-19 12:10:49
129169,OK,Deleted,2025-12-19 12:10:51
129170,OK,Deleted,2025-12-19 12:10:54
129171,OK,Deleted,2025-12-19 12:10:57
129172,OK,Deleted,2025-12-19 12:11:00
129173,OK,Deleted,2025-12-19 12:11:02
129174,OK,Deleted,2025-12-19 12:11:05
129175,OK,Deleted,2025-12-19 12:11:07
129176,OK,Deleted,2025-12-19 12:11:09
129177,OK,Deleted,2025-12-19 12:11:12
129178,OK,Deleted,2025-12-19 12:11:15
129179,OK,Deleted,2025-12-19 12:11:18
129180,OK,Deleted,2025-12-19 12:11:20
129181,OK,Deleted,2025-12-19 12:11:23
129182,OK,Deleted,2025-12-19 12:11:25
129183,OK,Deleted,2025-12-19 12:11:28
129184,OK,Deleted,2025-12-19 12:11:30
129185,OK,Deleted,2025-12-19 12:11:33
129186,OK,Deleted,2025-12-19 12:11:36
129187,OK,Deleted,2025-12-19 12:11:39
129188,OK,Deleted,2025-12-19 12:11:42
129189,OK,Deleted,2025-12-19 12:11:45
129190,OK,Deleted,2025-12-19 12:11:49
129191,OK,Deleted,2025-12-19 12:11:52
129192,OK,Deleted,2025-12-19 12:11:55
129193,OK,Deleted,2025-12-19 12:11:58
129194,OK,Deleted,2025-12-19 12:12:01
129195,OK,Deleted,2025-12-19 12:12:03
129196,OK,Deleted,2025-12-19 12:12:06
129197,OK,Deleted,2025-12-19 12:12:09
129198,OK,Deleted,2025-12-19 12:12:12
129199,OK,Deleted,2025-12-19 12:12:14
129200,OK,Deleted,2025-12-19 12:12:17
129201,OK,Deleted,2025-12-19 12:12:20
129202,OK,Deleted,2025-12-19 12:12:22
129203,OK,Deleted,2025-12-19 12:12:25
129204,OK,Deleted,2025-12-19 12:12:29
129205,OK,Deleted,2025-12-19 12:12:31
129206,OK,Deleted,2025-12-19 12:12:34
129207,OK,Deleted,2025-12-19 12:12:36
129208,OK,Deleted,2025-12-19 12:12:39
129209,OK,Deleted,2025-12-19 12:12:41
129210,OK,Deleted,2025-12-19 12:12:44
129211,OK,Deleted,2025-12-19 12:12:47
129212,OK,Deleted,2025-12-19 12:12:49
129213,OK,Deleted,2025-12-19 12:12:52
129214,OK,Deleted,2025-12-19 12:12:55
129215,OK,Deleted,2025-12-19 12:12:58
129216,OK,Deleted,2025-12-19 12:13:00
129217,OK,Deleted,2025-12-19 12:13:03
129218,OK,Deleted,2025-12-19 12:13:05
129219,OK,Deleted,2025-12-19 12:13:08
129220,OK,Deleted,2025-12-19 12:13:11
129221,OK,Deleted,2025-12-19 12:13:14
129222,OK,Deleted,2025-12-19 12:13:17
129223,OK,Deleted,2025-12-19 12:13:20
129224,OK,Deleted,2025-12-19 12:13:22
129225,OK,Deleted,2025-12-19 12:13:25
129226,OK,Deleted,2025-12-19 12:13:27
129227,OK,Deleted,2025-12-19 12:13:30
129228,OK,Deleted,2025-12-19 12:13:33
129229,OK,Deleted,2025-12-19 12:13:36
129230,OK,Deleted,2025-12-19 12:13:40
129231,OK,Deleted,2025-12-19 12:13:43
129232,OK,Deleted,2025-12-19 12:13:47
129233,OK,Deleted,2025-12-19 12:13:49
129234,OK,Deleted,2025-12-19 12:13:52
129235,OK,Deleted,2025-12-19 12:13:55
129236,OK,Deleted,2025-12-19 12:13:57
129237,OK,Deleted,2025-12-19 12:14:00
129238,OK,Deleted,2025-12-19 12:14:03
129239,OK,Deleted,2025-12-19 12:14:06
129240,OK,Deleted,2025-12-19 12:14:08
129241,OK,Deleted,2025-12-19 12:14:11
129242,OK,Deleted,2025-12-19 12:14:14
129243,OK,Deleted,2025-12-19 12:14:17
129244,OK,Deleted,2025-12-19 12:14:19
129245,OK,Deleted,2025-12-19 12:14:22
129246,OK,Deleted,2025-12-19 12:14:25
129247,OK,Deleted,2025-12-19 12:14:27
129248,OK,Deleted,2025-12-19 12:14:29
129249,OK,Deleted,2025-12-19 12:14:32
129250,OK,Deleted,2025-12-19 12:14:35
129251,OK,Deleted,2025-12-19 12:14:38
129252,OK,Deleted,2025-12-19 12:14:41
129253,OK,Deleted,2025-12-19 12:14:43
129254,OK,Deleted,2025-12-19 12:14:46
129255,OK,Deleted,2025-12-19 12:14:49
129256,OK,Deleted,2025-12-19 12:14:51
129257,OK,Deleted,2025-12-19 12:14:54
129258,OK,Deleted,2025-12-19 12:14:56
129259,OK,Deleted,2025-12-19 12:14:58
129260,OK,Deleted,2025-12-19 12:15:01
129261,OK,Deleted,2025-12-19 12:15:04
129262,OK,Deleted,2025-12-19 12:15:06
129263,OK,Deleted,2025-12-19 12:15:09
129264,OK,Deleted,2025-12-19 12:15:12
118943,OK,Deleted,2025-12-19 12:15:14
92208,OK,Deleted,2025-12-19 12:15:16
92707,OK,Deleted,2025-12-19 12:15:19
92708,OK,Deleted,2025-12-19 12:15:22
92709,OK,Deleted,2025-12-19 12:15:24
92711,OK,Deleted,2025-12-19 12:15:26
92712,OK,Deleted,2025-12-19 12:15:29
92713,OK,Deleted,2025-12-19 12:15:31
92714,OK,Deleted,2025-12-19 12:15:34
92715,OK,Deleted,2025-12-19 12:15:36
92716,OK,Deleted,2025-12-19 12:15:39
92717,OK,Deleted,2025-12-19 12:15:41
92718,OK,Deleted,2025-12-19 12:15:44
92719,OK,Deleted,2025-12-19 12:15:46
92720,OK,Deleted,2025-12-19 12:15:48
92721,OK,Deleted,2025-12-19 12:15:51
92722,OK,Deleted,2025-12-19 12:15:53
92723,OK,Deleted,2025-12-19 12:15:56
92724,OK,Deleted,2025-12-19 12:15:58
92725,OK,Deleted,2025-12-19 12:16:00
92726,OK,Deleted,2025-12-19 12:16:03
92727,OK,Deleted,2025-12-19 12:16:06
92729,OK,Deleted,2025-12-19 12:16:09
92730,OK,Deleted,2025-12-19 12:16:12
92731,OK,Deleted,2025-12-19 12:16:15
92732,OK,Deleted,2025-12-19 12:16:17
92733,OK,Deleted,2025-12-19 12:16:20
92734,OK,Deleted,2025-12-19 12:16:22
92735,OK,Deleted,2025-12-19 12:16:24
92736,OK,Deleted,2025-12-19 12:16:27
92737,OK,Deleted,2025-12-19 12:16:29
92738,OK,Deleted,2025-12-19 12:16:31
92739,OK,Deleted,2025-12-19 12:16:34
92740,OK,Deleted,2025-12-19 12:16:37
92741,OK,Deleted,2025-12-19 12:16:40
92742,OK,Deleted,2025-12-19 12:16:43
92743,OK,Deleted,2025-12-19 12:16:46
92744,OK,Deleted,2025-12-19 12:16:48
92745,OK,Deleted,2025-12-19 12:16:51
92746,OK,Deleted,2025-12-19 12:16:53
92747,OK,Deleted,2025-12-19 12:16:56
92748,OK,Deleted,2025-12-19 12:16:58
92749,OK,Deleted,2025-12-19 12:17:01
92750,OK,Deleted,2025-12-19 12:17:04
92751,OK,Deleted,2025-12-19 12:17:06
92752,OK,Deleted,2025-12-19 12:17:08
92753,OK,Deleted,2025-12-19 12:17:11
92754,OK,Deleted,2025-12-19 12:17:14
92755,OK,Deleted,2025-12-19 12:17:16
92756,OK,Deleted,2025-12-19 12:17:19
92757,OK,Deleted,2025-12-19 12:17:21
92758,OK,Deleted,2025-12-19 12:17:24
92759,OK,Deleted,2025-12-19 12:17:27
92760,OK,Deleted,2025-12-19 12:17:29
92761,OK,Deleted,2025-12-19 12:17:32
92762,OK,Deleted,2025-12-19 12:17:34
92763,OK,Deleted,2025-12-19 12:17:37
92764,OK,Deleted,2025-12-19 12:17:39
92765,OK,Deleted,2025-12-19 12:17:42
92766,OK,Deleted,2025-12-19 12:17:44
92767,OK,Deleted,2025-12-19 12:17:47
92768,OK,Deleted,2025-12-19 12:17:50
92769,OK,Deleted,2025-12-19 12:17:52
92770,OK,Deleted,2025-12-19 12:17:55
92771,OK,Deleted,2025-12-19 12:17:57
92772,OK,Deleted,2025-12-19 12:18:00
92773,OK,Deleted,2025-12-19 12:18:02
92774,OK,Deleted,2025-12-19 12:18:05
92775,OK,Deleted,2025-12-19 12:18:07
92776,OK,Deleted,2025-12-19 12:18:09
92777,OK,Deleted,2025-12-19 12:18:12
92778,OK,Deleted,2025-12-19 12:18:14
92779,OK,Deleted,2025-12-19 12:18:17
92780,OK,Deleted,2025-12-19 12:18:20
92781,OK,Deleted,2025-12-19 12:18:23
92782,OK,Deleted,2025-12-19 12:18:26
92783,OK,Deleted,2025-12-19 12:18:28
92784,OK,Deleted,2025-12-19 12:18:31
92785,OK,Deleted,2025-12-19 12:18:34
92786,OK,Deleted,2025-12-19 12:18:37
92787,OK,Deleted,2025-12-19 12:18:40
92788,OK,Deleted,2025-12-19 12:18:43
92789,OK,Deleted,2025-12-19 12:18:45
92790,OK,Deleted,2025-12-19 12:18:49
92791,OK,Deleted,2025-12-19 12:18:52
92792,OK,Deleted,2025-12-19 12:18:55
92793,OK,Deleted,2025-12-19 12:18:58
92794,OK,Deleted,2025-12-19 12:19:01
92795,OK,Deleted,2025-12-19 12:19:04
92796,OK,Deleted,2025-12-19 12:19:06
92797,OK,Deleted,2025-12-19 12:19:09
92798,OK,Deleted,2025-12-19 12:19:12
92799,OK,Deleted,2025-12-19 12:19:15
92800,OK,Deleted,2025-12-19 12:19:18
92801,OK,Deleted,2025-12-19 12:19:21
92802,OK,Deleted,2025-12-19 12:19:23
92803,OK,Deleted,2025-12-19 12:19:26
92804,OK,Deleted,2025-12-19 12:19:29
92805,OK,Deleted,2025-12-19 12:19:31
92806,OK,Deleted,2025-12-19 12:19:34
92807,OK,Deleted,2025-12-19 12:19:37
92808,OK,Deleted,2025-12-19 12:19:40
92809,OK,Deleted,2025-12-19 12:19:42
92810,OK,Deleted,2025-12-19 12:19:45
92811,OK,Deleted,2025-12-19 12:19:48
92812,OK,Deleted,2025-12-19 12:19:51
92813,OK,Deleted,2025-12-19 12:19:54
92814,OK,Deleted,2025-12-19 12:19:56
92815,OK,Deleted,2025-12-19 12:19:59
92816,OK,Deleted,2025-12-19 12:20:02
92817,OK,Deleted,2025-12-19 12:20:05
92818,OK,Deleted,2025-12-19 12:20:07
92819,OK,Deleted,2025-12-19 12:20:10
92820,OK,Deleted,2025-12-19 12:20:13
92821,OK,Deleted,2025-12-19 12:20:16
92822,OK,Deleted,2025-12-19 12:20:19
92823,OK,Deleted,2025-12-19 12:20:21
92824,OK,Deleted,2025-12-19 12:20:24
92825,OK,Deleted,2025-12-19 12:20:27
92826,OK,Deleted,2025-12-19 12:20:29
92827,OK,Deleted,2025-12-19 12:20:32
92828,OK,Deleted,2025-12-19 12:20:35
92829,OK,Deleted,2025-12-19 12:20:38
92830,OK,Deleted,2025-12-19 12:20:41
92831,OK,Deleted,2025-12-19 12:20:45
92832,OK,Deleted,2025-12-19 12:20:47
92833,OK,Deleted,2025-12-19 12:20:50
92834,OK,Deleted,2025-12-19 12:20:53
92835,OK,Deleted,2025-12-19 12:20:56
92836,OK,Deleted,2025-12-19 12:20:58
92837,OK,Deleted,2025-12-19 12:21:01
92838,OK,Deleted,2025-12-19 12:21:04
92839,OK,Deleted,2025-12-19 12:21:06
92840,OK,Deleted,2025-12-19 12:21:10
92841,OK,Deleted,2025-12-19 12:21:12
92842,OK,Deleted,2025-12-19 12:21:15
92843,OK,Deleted,2025-12-19 12:21:18
92844,OK,Deleted,2025-12-19 12:21:21
92845,OK,Deleted,2025-12-19 12:21:23
92846,OK,Deleted,2025-12-19 12:21:26
92847,OK,Deleted,2025-12-19 12:21:28
92848,OK,Deleted,2025-12-19 12:21:31
92849,OK,Deleted,2025-12-19 12:21:34
92850,OK,Deleted,2025-12-19 12:21:36
92851,OK,Deleted,2025-12-19 12:21:39
92852,OK,Deleted,2025-12-19 12:21:41
92853,OK,Deleted,2025-12-19 12:21:44
92854,OK,Deleted,2025-12-19 12:21:47
92855,OK,Deleted,2025-12-19 12:21:50
92856,OK,Deleted,2025-12-19 12:21:52
92857,OK,Deleted,2025-12-19 12:21:55
92858,OK,Deleted,2025-12-19 12:21:58
92859,OK,Deleted,2025-12-19 12:22:01
92860,OK,Deleted,2025-12-19 12:22:05
92861,OK,Deleted,2025-12-19 12:22:07
92862,OK,Deleted,2025-12-19 12:22:10
92863,OK,Deleted,2025-12-19 12:22:13
92864,OK,Deleted,2025-12-19 12:22:15
92865,NG,"TimeoutException: Message: None present: [""//button[normalize-space()='アクション']"", ""//a[normalize-space()='アクション']"", ""//*[normalize-space()='アクション']/ancestor::button[1]"", ""//*[normalize-space()='アクション']/ancestor::a[1]""] ; last=Message: no such element: Unable to locate element: {""method"":""xpath"",""selector"":""//*[normalize-space()='アクション']/ancestor::a[1]""}
  (Session info: chrome=143.0.7499.41); For documentation on this error, please visit: https://www.selenium.dev/documentation/webdriver/troubleshooting/errors#nosuchelementexception
Stacktrace:
Symbols not available. Dumping unresolved backtrace:
	0x7ff759ac88e5
	0x7ff759ac8940
	0x7ff7598a165d
	0x7ff7598f9a33
	0x7ff7598f9d3c
	0x7ff75994df67
	0x7ff75994ac97
	0x7ff7598eac29
	0x7ff7598eba93
	0x7ff759de0640
	0x7ff759ddaf80
	0x7ff759df96e6
	0x7ff759ae5de4
	0x7ff759aeed8c
	0x7ff759ad2004
	0x7ff759ad21b5
	0x7ff759ab7ee2
	0x7ffb21f0e8d7
	0x7ffb2342c53c

",2025-12-19 12:22:16
92866,OK,Deleted,2025-12-19 12:22:43
92867,OK,Deleted,2025-12-19 12:22:46
92868,OK,Deleted,2025-12-19 12:22:48
92869,OK,Deleted,2025-12-19 12:22:51
92870,OK,Deleted,2025-12-19 12:22:53
92871,OK,Deleted,2025-12-19 12:22:56
92872,OK,Deleted,2025-12-19 12:22:58
92873,OK,Deleted,2025-12-19 12:23:01
92874,OK,Deleted,2025-12-19 12:23:04
92875,OK,Deleted,2025-12-19 12:23:06
92876,OK,Deleted,2025-12-19 12:23:08
92877,OK,Deleted,2025-12-19 12:23:11
92878,OK,Deleted,2025-12-19 12:23:13
92879,OK,Deleted,2025-12-19 12:23:16
92880,OK,Deleted,2025-12-19 12:23:18
92881,OK,Deleted,2025-12-19 12:23:21
92882,OK,Deleted,2025-12-19 12:23:23
92883,OK,Deleted,2025-12-19 12:23:26
92884,OK,Deleted,2025-12-19 12:23:28
92885,OK,Deleted,2025-12-19 12:23:31
92886,OK,Deleted,2025-12-19 12:23:33
92887,OK,Deleted,2025-12-19 12:23:36
92888,OK,Deleted,2025-12-19 12:23:38
92889,OK,Deleted,2025-12-19 12:23:41
92890,OK,Deleted,2025-12-19 12:23:44
92891,OK,Deleted,2025-12-19 12:23:46
92892,OK,Deleted,2025-12-19 12:23:48
92893,OK,Deleted,2025-12-19 12:23:51
92894,OK,Deleted,2025-12-19 12:23:54
92895,OK,Deleted,2025-12-19 12:23:56
92896,OK,Deleted,2025-12-19 12:23:59
92897,OK,Deleted,2025-12-19 12:24:01
92898,OK,Deleted,2025-12-19 12:24:04
92899,OK,Deleted,2025-12-19 12:24:07
92900,OK,Deleted,2025-12-19 12:24:09
92901,OK,Deleted,2025-12-19 12:24:12
92902,OK,Deleted,2025-12-19 12:24:15
92903,OK,Deleted,2025-12-19 12:24:18
92904,OK,Deleted,2025-12-19 12:24:20
92905,OK,Deleted,2025-12-19 12:24:24
92906,OK,Deleted,2025-12-19 12:24:26
92907,OK,Deleted,2025-12-19 12:24:28
92908,OK,Deleted,2025-12-19 12:24:31
92909,OK,Deleted,2025-12-19 12:24:34
92910,OK,Deleted,2025-12-19 12:24:36
92911,OK,Deleted,2025-12-19 12:24:39
92912,OK,Deleted,2025-12-19 12:24:41
92913,OK,Deleted,2025-12-19 12:24:44
92914,OK,Deleted,2025-12-19 12:24:46
92915,OK,Deleted,2025-12-19 12:24:49
92916,OK,Deleted,2025-12-19 12:24:52
92917,OK,Deleted,2025-12-19 12:24:54
92918,OK,Deleted,2025-12-19 12:24:58
92919,OK,Deleted,2025-12-19 12:25:00
92920,OK,Deleted,2025-12-19 12:25:03
92921,OK,Deleted,2025-12-19 12:25:05
92922,OK,Deleted,2025-12-19 12:25:07
92923,OK,Deleted,2025-12-19 12:25:10
92924,OK,Deleted,2025-12-19 12:25:12
92925,OK,Deleted,2025-12-19 12:25:15
92926,OK,Deleted,2025-12-19 12:25:17
92927,OK,Deleted,2025-12-19 12:25:19
92928,OK,Deleted,2025-12-19 12:25:21
92929,OK,Deleted,2025-12-19 12:25:24
92930,OK,Deleted,2025-12-19 12:25:26
92931,OK,Deleted,2025-12-19 12:25:29
92932,OK,Deleted,2025-12-19 12:25:31
92933,OK,Deleted,2025-12-19 12:25:34
92934,OK,Deleted,2025-12-19 12:25:36
92935,OK,Deleted,2025-12-19 12:25:39
92936,OK,Deleted,2025-12-19 12:25:41
92937,OK,Deleted,2025-12-19 12:25:44
92938,OK,Deleted,2025-12-19 12:25:46
92939,OK,Deleted,2025-12-19 12:25:49
92940,OK,Deleted,2025-12-19 12:25:51
92941,OK,Deleted,2025-12-19 12:25:53
92942,OK,Deleted,2025-12-19 12:25:56
92943,OK,Deleted,2025-12-19 12:25:58
92944,OK,Deleted,2025-12-19 12:26:01
92945,OK,Deleted,2025-12-19 12:26:03
92946,OK,Deleted,2025-12-19 12:26:06
92947,OK,Deleted,2025-12-19 12:26:08
92948,OK,Deleted,2025-12-19 12:26:11
92949,OK,Deleted,2025-12-19 12:26:13
92950,OK,Deleted,2025-12-19 12:26:16
92951,OK,Deleted,2025-12-19 12:26:18
92952,OK,Deleted,2025-12-19 12:26:21
92953,OK,Deleted,2025-12-19 12:26:23
92954,OK,Deleted,2025-12-19 12:26:25
92955,OK,Deleted,2025-12-19 12:26:28
92956,OK,Deleted,2025-12-19 12:26:31
92957,OK,Deleted,2025-12-19 12:26:33
92958,OK,Deleted,2025-12-19 12:26:36
92959,OK,Deleted,2025-12-19 12:26:38
92960,OK,Deleted,2025-12-19 12:26:40
92961,OK,Deleted,2025-12-19 12:26:43
92962,OK,Deleted,2025-12-19 12:26:46
92963,OK,Deleted,2025-12-19 12:26:49
92964,OK,Deleted,2025-12-19 12:26:51
92965,OK,Deleted,2025-12-19 12:26:56
92966,OK,Deleted,2025-12-19 12:26:58
92967,OK,Deleted,2025-12-19 12:27:01
92968,OK,Deleted,2025-12-19 12:27:03
92969,OK,Deleted,2025-12-19 12:27:05
92970,OK,Deleted,2025-12-19 12:27:06
92971,OK,Deleted,2025-12-19 12:27:09
92972,OK,Deleted,2025-12-19 12:27:13
92973,OK,Deleted,2025-12-19 12:27:15
92974,OK,Deleted,2025-12-19 12:27:18
92975,OK,Deleted,2025-12-19 12:27:20
92976,OK,Deleted,2025-12-19 12:27:22
92977,OK,Deleted,2025-12-19 12:27:25
92978,OK,Deleted,2025-12-19 12:27:27
92979,OK,Deleted,2025-12-19 12:27:29
92980,OK,Deleted,2025-12-19 12:27:32
92981,OK,Deleted,2025-12-19 12:27:34
92982,OK,Deleted,2025-12-19 12:27:36
92983,OK,Deleted,2025-12-19 12:27:39
92984,OK,Deleted,2025-12-19 12:27:41
92985,OK,Deleted,2025-12-19 12:27:43
92986,OK,Deleted,2025-12-19 12:27:46
92987,OK,Deleted,2025-12-19 12:27:49
92988,OK,Deleted,2025-12-19 12:27:51
92989,OK,Deleted,2025-12-19 12:27:54
92990,OK,Deleted,2025-12-19 12:27:56
92991,OK,Deleted,2025-12-19 12:27:59
92992,OK,Deleted,2025-12-19 12:28:01
92993,OK,Deleted,2025-12-19 12:28:04
92994,OK,Deleted,2025-12-19 12:28:07
92995,OK,Deleted,2025-12-19 12:28:09
92996,OK,Deleted,2025-12-19 12:28:12
92997,OK,Deleted,2025-12-19 12:28:16
92998,OK,Deleted,2025-12-19 12:28:19
92999,OK,Deleted,2025-12-19 12:28:21
93000,OK,Deleted,2025-12-19 12:28:23
93001,OK,Deleted,2025-12-19 12:28:26
93002,OK,Deleted,2025-12-19 12:28:28
93003,OK,Deleted,2025-12-19 12:28:30
93004,OK,Deleted,2025-12-19 12:28:32
93005,OK,Deleted,2025-12-19 12:28:35
93006,NG,"TimeoutException: Message: None present: [""//button[normalize-space()='アクション']"", ""//a[normalize-space()='アクション']"", ""//*[normalize-space()='アクション']/ancestor::button[1]"", ""//*[normalize-space()='アクション']/ancestor::a[1]""] ; last=Message: no such element: Unable to locate element: {""method"":""xpath"",""selector"":""//*[normalize-space()='アクション']/ancestor::a[1]""}
  (Session info: chrome=143.0.7499.41); For documentation on this error, please visit: https://www.selenium.dev/documentation/webdriver/troubleshooting/errors#nosuchelementexception
Stacktrace:
Symbols not available. Dumping unresolved backtrace:
	0x7ff759ac88e5
	0x7ff759ac8940
	0x7ff7598a165d
	0x7ff7598f9a33
	0x7ff7598f9d3c
	0x7ff75994df67
	0x7ff75994ac97
	0x7ff7598eac29
	0x7ff7598eba93
	0x7ff759de0640
	0x7ff759ddaf80
	0x7ff759df96e6
	0x7ff759ae5de4
	0x7ff759aeed8c
	0x7ff759ad2004
	0x7ff759ad21b5
	0x7ff759ab7ee2
	0x7ffb21f0e8d7
	0x7ffb2342c53c

",2025-12-19 12:28:36
93007,OK,Deleted,2025-12-19 12:29:02
93008,OK,Deleted,2025-12-19 12:29:05
93009,OK,Deleted,2025-12-19 12:29:07
93010,OK,Deleted,2025-12-19 12:29:09
93011,OK,Deleted,2025-12-19 12:29:12
93012,OK,Deleted,2025-12-19 12:29:13
93013,OK,Deleted,2025-12-19 12:29:16
93014,OK,Deleted,2025-12-19 12:29:19
93015,OK,Deleted,2025-12-19 12:29:21
93016,OK,Deleted,2025-12-19 12:29:24
93017,OK,Deleted,2025-12-19 12:29:26
93018,OK,Deleted,2025-12-19 12:29:29
93019,OK,Deleted,2025-12-19 12:29:31
93020,OK,Deleted,2025-12-19 12:29:34
93021,OK,Deleted,2025-12-19 12:29:36
93022,OK,Deleted,2025-12-19 12:29:38
93023,OK,Deleted,2025-12-19 12:29:41
93024,OK,Deleted,2025-12-19 12:29:43
93025,OK,Deleted,2025-12-19 12:29:45
93026,OK,Deleted,2025-12-19 12:29:48
93027,OK,Deleted,2025-12-19 12:29:50
93028,OK,Deleted,2025-12-19 12:29:53
93029,OK,Deleted,2025-12-19 12:29:55
93030,OK,Deleted,2025-12-19 12:29:58
93031,OK,Deleted,2025-12-19 12:30:00
93032,OK,Deleted,2025-12-19 12:30:02
93033,OK,Deleted,2025-12-19 12:30:04
93034,OK,Deleted,2025-12-19 12:30:07
93035,OK,Deleted,2025-12-19 12:30:09
93036,OK,Deleted,2025-12-19 12:30:11
93037,OK,Deleted,2025-12-19 12:30:14
93038,OK,Deleted,2025-12-19 12:30:17
93039,OK,Deleted,2025-12-19 12:30:19
93040,OK,Deleted,2025-12-19 12:30:22
93041,OK,Deleted,2025-12-19 12:30:24
93042,OK,Deleted,2025-12-19 12:30:27
191017,OK,Deleted,2025-12-19 12:30:29
63430,NG,"TimeoutException: Message: None present: [""//button[normalize-space()='アクション']"", ""//a[normalize-space()='アクション']"", ""//*[normalize-space()='アクション']/ancestor::button[1]"", ""//*[normalize-space()='アクション']/ancestor::a[1]""] ; last=Message: no such element: Unable to locate element: {""method"":""xpath"",""selector"":""//*[normalize-space()='アクション']/ancestor::a[1]""}
  (Session info: chrome=143.0.7499.41); For documentation on this error, please visit: https://www.selenium.dev/documentation/webdriver/troubleshooting/errors#nosuchelementexception
Stacktrace:
Symbols not available. Dumping unresolved backtrace:
	0x7ff759ac88e5
	0x7ff759ac8940
	0x7ff7598a165d
	0x7ff7598f9a33
	0x7ff7598f9d3c
	0x7ff75994df67
	0x7ff75994ac97
	0x7ff7598eac29
	0x7ff7598eba93
	0x7ff759de0640
	0x7ff759ddaf80
	0x7ff759df96e6
	0x7ff759ae5de4
	0x7ff759aeed8c
	0x7ff759ad2004
	0x7ff759ad21b5
	0x7ff759ab7ee2
	0x7ffb21f0e8d7
	0x7ffb2342c53c

",2025-12-19 12:30:30
64937,OK,Deleted,2025-12-19 12:30:56
99732,OK,Deleted,2025-12-19 12:30:58
59409,OK,Deleted,2025-12-19 12:31:01
59732,OK,Deleted,2025-12-19 12:31:04
83014,OK,Deleted,2025-12-19 12:31:06
125182,OK,Deleted,2025-12-19 12:31:08
101390,OK,Deleted,2025-12-19 12:31:10
68379,OK,Deleted,2025-12-19 12:31:12
69657,OK,Deleted,2025-12-19 12:31:15
125766,OK,Deleted,2025-12-19 12:31:17
63212,OK,Deleted,2025-12-19 12:31:19
101814,OK,Deleted,2025-12-19 12:31:22
75796,OK,Deleted,2025-12-19 12:31:24
69748,OK,Deleted,2025-12-19 12:31:26
69754,OK,Deleted,2025-12-19 12:31:29
69764,NG,"TimeoutException: Message: None present: [""//button[normalize-space()='アクション']"", ""//a[normalize-space()='アクション']"", ""//*[normalize-space()='アクション']/ancestor::button[1]"", ""//*[normalize-space()='アクション']/ancestor::a[1]""] ; last=Message: no such element: Unable to locate element: {""method"":""xpath"",""selector"":""//*[normalize-space()='アクション']/ancestor::a[1]""}
  (Session info: chrome=143.0.7499.41); For documentation on this error, please visit: https://www.selenium.dev/documentation/webdriver/troubleshooting/errors#nosuchelementexception
Stacktrace:
Symbols not available. Dumping unresolved backtrace:
	0x7ff759ac88e5
	0x7ff759ac8940
	0x7ff7598a165d
	0x7ff7598f9a33
	0x7ff7598f9d3c
	0x7ff75994df67
	0x7ff75994ac97
	0x7ff7598eac29
	0x7ff7598eba93
	0x7ff759de0640
	0x7ff759ddaf80
	0x7ff759df96e6
	0x7ff759ae5de4
	0x7ff759aeed8c
	0x7ff759ad2004
	0x7ff759ad21b5
	0x7ff759ab7ee2
	0x7ffb21f0e8d7
	0x7ffb2342c53c

",2025-12-19 12:31:30
69769,OK,Deleted,2025-12-19 12:31:56
63279,OK,Deleted,2025-12-19 12:31:59
63285,OK,Deleted,2025-12-19 12:32:02
63286,OK,Deleted,2025-12-19 12:32:04
63289,OK,Deleted,2025-12-19 12:32:06
63294,OK,Deleted,2025-12-19 12:32:08
63299,OK,Deleted,2025-12-19 12:32:11
63300,OK,Deleted,2025-12-19 12:32:14
63315,OK,Deleted,2025-12-19 12:32:16
63317,OK,Deleted,2025-12-19 12:32:19
86143,OK,Deleted,2025-12-19 12:32:21
69807,OK,Deleted,2025-12-19 12:32:24
69809,OK,Deleted,2025-12-19 12:32:27
69811,OK,Deleted,2025-12-19 12:32:29
69817,OK,Deleted,2025-12-19 12:32:32
69819,OK,Deleted,2025-12-19 12:32:34
69820,OK,Deleted,2025-12-19 12:32:37
69823,OK,Deleted,2025-12-19 12:32:39
69824,OK,Deleted,2025-12-19 12:32:42
69826,OK,Deleted,2025-12-19 12:32:44
69829,OK,Deleted,2025-12-19 12:32:47
86559,OK,Deleted,2025-12-19 12:32:50
86561,OK,Deleted,2025-12-19 12:32:53
86565,OK,Deleted,2025-12-19 12:32:56
86581,OK,Deleted,2025-12-19 12:32:58
86590,OK,Deleted,2025-12-19 12:33:01
86594,OK,Deleted,2025-12-19 12:33:04
86609,OK,Deleted,2025-12-19 12:33:06
86617,OK,Deleted,2025-12-19 12:33:09
86629,OK,Deleted,2025-12-19 12:33:11
86637,OK,Deleted,2025-12-19 12:33:14
86653,OK,Deleted,2025-12-19 12:33:16
86655,OK,Deleted,2025-12-19 12:33:19
86673,OK,Deleted,2025-12-19 12:33:22
86693,OK,Deleted,2025-12-19 12:33:24
86695,OK,Deleted,2025-12-19 12:33:27
86698,OK,Deleted,2025-12-19 12:33:29
86705,OK,Deleted,2025-12-19 12:33:32
86706,OK,Deleted,2025-12-19 12:33:35
86708,OK,Deleted,2025-12-19 12:33:38
86721,OK,Deleted,2025-12-19 12:33:40
86722,OK,Deleted,2025-12-19 12:33:43
114270,OK,Deleted,2025-12-19 12:33:46
118871,OK,Deleted,2025-12-19 12:33:49
126535,OK,Deleted,2025-12-19 12:33:51
126536,OK,Deleted,2025-12-19 12:33:54
126537,OK,Deleted,2025-12-19 12:33:58
126538,OK,Deleted,2025-12-19 12:34:00
126540,OK,Deleted,2025-12-19 12:34:03
126541,OK,Deleted,2025-12-19 12:34:05
126542,OK,Deleted,2025-12-19 12:34:08
126543,OK,Deleted,2025-12-19 12:34:10
126545,OK,Deleted,2025-12-19 12:34:13
126547,OK,Deleted,2025-12-19 12:34:15
126548,OK,Deleted,2025-12-19 12:34:17
126550,OK,Deleted,2025-12-19 12:34:21
126552,OK,Deleted,2025-12-19 12:34:24
126553,OK,Deleted,2025-12-19 12:34:26
126555,OK,Deleted,2025-12-19 12:34:29
126557,OK,Deleted,2025-12-19 12:34:31
126558,OK,Deleted,2025-12-19 12:34:34
126559,OK,Deleted,2025-12-19 12:34:36
126560,OK,Deleted,2025-12-19 12:34:39
126562,OK,Deleted,2025-12-19 12:34:41
126564,OK,Deleted,2025-12-19 12:34:44
126565,OK,Deleted,2025-12-19 12:34:46
126566,OK,Deleted,2025-12-19 12:34:49
126567,OK,Deleted,2025-12-19 12:34:51
126568,OK,Deleted,2025-12-19 12:34:53
126569,OK,Deleted,2025-12-19 12:34:56
126570,OK,Deleted,2025-12-19 12:34:59
126571,OK,Deleted,2025-12-19 12:35:01
126572,OK,Deleted,2025-12-19 12:35:04
126573,OK,Deleted,2025-12-19 12:35:06
126575,OK,Deleted,2025-12-19 12:35:09
126576,OK,Deleted,2025-12-19 12:35:11
126577,OK,Deleted,2025-12-19 12:35:14
126578,OK,Deleted,2025-12-19 12:35:17
126581,OK,Deleted,2025-12-19 12:35:19
126582,OK,Deleted,2025-12-19 12:35:22
126585,OK,Deleted,2025-12-19 12:35:24
126586,OK,Deleted,2025-12-19 12:35:27
126587,OK,Deleted,2025-12-19 12:35:30
126588,OK,Deleted,2025-12-19 12:35:33
126589,OK,Deleted,2025-12-19 12:35:35
126590,OK,Deleted,2025-12-19 12:35:38
126592,OK,Deleted,2025-12-19 12:35:41
126594,OK,Deleted,2025-12-19 12:35:43
126595,OK,Deleted,2025-12-19 12:35:46
126596,OK,Deleted,2025-12-19 12:35:48
126597,OK,Deleted,2025-12-19 12:35:51
126598,OK,Deleted,2025-12-19 12:35:54
126599,OK,Deleted,2025-12-19 12:35:56
126600,OK,Deleted,2025-12-19 12:35:59
126602,OK,Deleted,2025-12-19 12:36:02
126603,OK,Deleted,2025-12-19 12:36:04
126604,OK,Deleted,2025-12-19 12:36:07
126606,OK,Deleted,2025-12-19 12:36:09
126608,OK,Deleted,2025-12-19 12:36:12
126609,OK,Deleted,2025-12-19 12:36:15
126615,OK,Deleted,2025-12-19 12:36:17
126617,OK,Deleted,2025-12-19 12:36:20
126618,OK,Deleted,2025-12-19 12:36:23
126620,OK,Deleted,2025-12-19 12:36:26
126622,OK,Deleted,2025-12-19 12:36:29
126623,OK,Deleted,2025-12-19 12:36:31
126624,OK,Deleted,2025-12-19 12:36:33
126625,OK,Deleted,2025-12-19 12:36:35
126626,OK,Deleted,2025-12-19 12:36:38
126629,OK,Deleted,2025-12-19 12:36:41
126630,OK,Deleted,2025-12-19 12:36:43
126634,OK,Deleted,2025-12-19 12:36:45
126635,OK,Deleted,2025-12-19 12:36:48
126636,OK,Deleted,2025-12-19 12:36:50
126639,OK,Deleted,2025-12-19 12:36:53
126640,OK,Deleted,2025-12-19 12:36:55
126641,OK,Deleted,2025-12-19 12:36:58
126647,OK,Deleted,2025-12-19 12:37:00
126649,OK,Deleted,2025-12-19 12:37:03
126650,OK,Deleted,2025-12-19 12:37:06
126651,OK,Deleted,2025-12-19 12:37:09
126652,OK,Deleted,2025-12-19 12:37:11
126653,OK,Deleted,2025-12-19 12:37:14
126656,OK,Deleted,2025-12-19 12:37:16
126657,OK,Deleted,2025-12-19 12:37:17
126658,OK,Deleted,2025-12-19 12:37:21
126659,OK,Deleted,2025-12-19 12:37:24
126660,OK,Deleted,2025-12-19 12:37:27
126661,OK,Deleted,2025-12-19 12:37:30
126662,OK,Deleted,2025-12-19 12:37:33
126663,OK,Deleted,2025-12-19 12:37:36
126664,OK,Deleted,2025-12-19 12:37:38
126666,OK,Deleted,2025-12-19 12:37:41
126667,OK,Deleted,2025-12-19 12:37:44
126668,OK,Deleted,2025-12-19 12:37:46
126669,OK,Deleted,2025-12-19 12:37:49
126676,NG,"TimeoutException: Message: None present: [""//button[normalize-space()='アクション']"", ""//a[normalize-space()='アクション']"", ""//*[normalize-space()='アクション']/ancestor::button[1]"", ""//*[normalize-space()='アクション']/ancestor::a[1]""] ; last=Message: no such element: Unable to locate element: {""method"":""xpath"",""selector"":""//*[normalize-space()='アクション']/ancestor::a[1]""}
  (Session info: chrome=143.0.7499.41); For documentation on this error, please visit: https://www.selenium.dev/documentation/webdriver/troubleshooting/errors#nosuchelementexception
Stacktrace:
Symbols not available. Dumping unresolved backtrace:
	0x7ff759ac88e5
	0x7ff759ac8940
	0x7ff7598a165d
	0x7ff7598f9a33
	0x7ff7598f9d3c
	0x7ff75994df67
	0x7ff75994ac97
	0x7ff7598eac29
	0x7ff7598eba93
	0x7ff759de0640
	0x7ff759ddaf80
	0x7ff759df96e6
	0x7ff759ae5de4
	0x7ff759aeed8c
	0x7ff759ad2004
	0x7ff759ad21b5
	0x7ff759ab7ee2
	0x7ffb21f0e8d7
	0x7ffb2342c53c

",2025-12-19 12:37:50
126677,OK,Deleted,2025-12-19 12:38:16
126678,OK,Deleted,2025-12-19 12:38:19
126679,OK,Deleted,2025-12-19 12:38:21
126680,OK,Deleted,2025-12-19 12:38:23
126681,OK,Deleted,2025-12-19 12:38:26
126682,OK,Deleted,2025-12-19 12:38:28
126689,OK,Deleted,2025-12-19 12:38:31
126690,OK,Deleted,2025-12-19 12:38:33
126691,OK,Deleted,2025-12-19 12:38:36
126692,OK,Deleted,2025-12-19 12:38:38
126693,OK,Deleted,2025-12-19 12:38:41
126694,OK,Deleted,2025-12-19 12:38:43
126695,OK,Deleted,2025-12-19 12:38:46
126696,OK,Deleted,2025-12-19 12:38:48
126701,OK,Deleted,2025-12-19 12:38:50
126702,OK,Deleted,2025-12-19 12:38:53
126703,OK,Deleted,2025-12-19 12:38:55
126704,OK,Deleted,2025-12-19 12:38:56
126705,OK,Deleted,2025-12-19 12:39:00
126706,OK,Deleted,2025-12-19 12:39:03
126709,OK,Deleted,2025-12-19 12:39:05
126711,OK,Deleted,2025-12-19 12:39:08
126715,OK,Deleted,2025-12-19 12:39:10
126717,OK,Deleted,2025-12-19 12:39:12
126718,OK,Deleted,2025-12-19 12:39:15
126719,OK,Deleted,2025-12-19 12:39:17
126721,OK,Deleted,2025-12-19 12:39:19
126722,OK,Deleted,2025-12-19 12:39:22
126724,OK,Deleted,2025-12-19 12:39:25
126727,OK,Deleted,2025-12-19 12:39:27
126728,OK,Deleted,2025-12-19 12:39:29
126729,OK,Deleted,2025-12-19 12:39:32
126730,OK,Deleted,2025-12-19 12:39:33
126731,NG,"TimeoutException: Message: None present: [""//button[normalize-space()='アクション']"", ""//a[normalize-space()='アクション']"", ""//*[normalize-space()='アクション']/ancestor::button[1]"", ""//*[normalize-space()='アクション']/ancestor::a[1]""] ; last=Message: no such element: Unable to locate element: {""method"":""xpath"",""selector"":""//*[normalize-space()='アクション']/ancestor::a[1]""}
  (Session info: chrome=143.0.7499.41); For documentation on this error, please visit: https://www.selenium.dev/documentation/webdriver/troubleshooting/errors#nosuchelementexception
Stacktrace:
Symbols not available. Dumping unresolved backtrace:
	0x7ff759ac88e5
	0x7ff759ac8940
	0x7ff7598a165d
	0x7ff7598f9a33
	0x7ff7598f9d3c
	0x7ff75994df67
	0x7ff75994ac97
	0x7ff7598eac29
	0x7ff7598eba93
	0x7ff759de0640
	0x7ff759ddaf80
	0x7ff759df96e6
	0x7ff759ae5de4
	0x7ff759aeed8c
	0x7ff759ad2004
	0x7ff759ad21b5
	0x7ff759ab7ee2
	0x7ffb21f0e8d7
	0x7ffb2342c53c

",2025-12-19 12:39:35
126733,OK,Deleted,2025-12-19 12:40:02
126734,OK,Deleted,2025-12-19 12:40:05
126735,OK,Deleted,2025-12-19 12:40:06
126736,OK,Deleted,2025-12-19 12:40:10
126737,OK,Deleted,2025-12-19 12:40:12
126738,OK,Deleted,2025-12-19 12:40:15
126739,OK,Deleted,2025-12-19 12:40:17
126741,OK,Deleted,2025-12-19 12:40:20
126742,OK,Deleted,2025-12-19 12:40:22
126744,OK,Deleted,2025-12-19 12:40:24
69847,OK,Deleted,2025-12-19 12:40:27
79305,OK,Deleted,2025-12-19 12:40:29
86725,OK,Deleted,2025-12-19 12:40:31
86727,OK,Deleted,2025-12-19 12:40:34
86729,OK,Deleted,2025-12-19 12:40:37
86732,OK,Deleted,2025-12-19 12:40:39
86735,OK,Deleted,2025-12-19 12:40:42
86736,OK,Deleted,2025-12-19 12:40:44
86737,OK,Deleted,2025-12-19 12:40:46
86738,OK,Deleted,2025-12-19 12:40:48
86739,OK,Deleted,2025-12-19 12:40:51
86740,OK,Deleted,2025-12-19 12:40:53
86741,OK,Deleted,2025-12-19 12:40:56
86742,OK,Deleted,2025-12-19 12:40:59
86749,OK,Deleted,2025-12-19 12:41:01
86750,OK,Deleted,2025-12-19 12:41:04
86751,OK,Deleted,2025-12-19 12:41:06
86754,OK,Deleted,2025-12-19 12:41:09
86756,OK,Deleted,2025-12-19 12:41:12
86759,OK,Deleted,2025-12-19 12:41:14
86769,OK,Deleted,2025-12-19 12:41:16
86770,OK,Deleted,2025-12-19 12:41:18
86771,OK,Deleted,2025-12-19 12:41:21
86774,OK,Deleted,2025-12-19 12:41:23
86775,OK,Deleted,2025-12-19 12:41:26
86776,OK,Deleted,2025-12-19 12:41:28
86777,OK,Deleted,2025-12-19 12:41:30
86778,OK,Deleted,2025-12-19 12:41:32
86779,OK,Deleted,2025-12-19 12:41:35
86789,OK,Deleted,2025-12-19 12:41:38
86794,OK,Deleted,2025-12-19 12:41:40
86795,OK,Deleted,2025-12-19 12:41:43
86802,OK,Deleted,2025-12-19 12:41:45
86808,OK,Deleted,2025-12-19 12:41:47
86810,OK,Deleted,2025-12-19 12:41:50
86811,OK,Deleted,2025-12-19 12:41:53
86813,OK,Deleted,2025-12-19 12:41:56
86815,OK,Deleted,2025-12-19 12:41:58
86818,OK,Deleted,2025-12-19 12:42:01
86819,OK,Deleted,2025-12-19 12:42:03
86820,OK,Deleted,2025-12-19 12:42:06
86821,OK,Deleted,2025-12-19 12:42:08
86823,OK,Deleted,2025-12-19 12:42:11
86825,OK,Deleted,2025-12-19 12:42:13
86826,OK,Deleted,2025-12-19 12:42:16
86828,OK,Deleted,2025-12-19 12:42:19
86836,OK,Deleted,2025-12-19 12:42:22
86840,OK,Deleted,2025-12-19 12:42:24
86841,OK,Deleted,2025-12-19 12:42:27
86843,OK,Deleted,2025-12-19 12:42:29
97090,OK,Deleted,2025-12-19 12:42:31
97091,OK,Deleted,2025-12-19 12:42:34
97098,OK,Deleted,2025-12-19 12:42:37
97100,OK,Deleted,2025-12-19 12:42:40
97102,OK,Deleted,2025-12-19 12:42:42
104679,OK,Deleted,2025-12-19 12:42:45
104680,OK,Deleted,2025-12-19 12:42:47
104681,OK,Deleted,2025-12-19 12:42:50
104685,OK,Deleted,2025-12-19 12:42:53
104686,OK,Deleted,2025-12-19 12:42:56
104687,OK,Deleted,2025-12-19 12:42:58
104688,OK,Deleted,2025-12-19 12:43:01
104690,OK,Deleted,2025-12-19 12:43:03
104693,OK,Deleted,2025-12-19 12:43:05
104699,OK,Deleted,2025-12-19 12:43:08
104703,OK,Deleted,2025-12-19 12:43:10
104705,OK,Deleted,2025-12-19 12:43:13
104717,OK,Deleted,2025-12-19 12:43:16
104719,OK,Deleted,2025-12-19 12:43:18
104724,OK,Deleted,2025-12-19 12:43:20
104726,OK,Deleted,2025-12-19 12:43:23
104729,OK,Deleted,2025-12-19 12:43:25
104731,OK,Deleted,2025-12-19 12:43:28
104732,OK,Deleted,2025-12-19 12:43:30
104736,OK,Deleted,2025-12-19 12:43:32
104737,OK,Deleted,2025-12-19 12:43:35
104738,OK,Deleted,2025-12-19 12:43:37
104741,OK,Deleted,2025-12-19 12:43:40
104746,OK,Deleted,2025-12-19 12:43:42
104748,OK,Deleted,2025-12-19 12:43:45
104749,OK,Deleted,2025-12-19 12:43:47
104751,OK,Deleted,2025-12-19 12:43:50
104753,OK,Deleted,2025-12-19 12:43:52
104761,OK,Deleted,2025-12-19 12:43:54
104764,OK,Deleted,2025-12-19 12:43:57
104765,OK,Deleted,2025-12-19 12:43:59
104767,OK,Deleted,2025-12-19 12:44:02
57927,OK,Deleted,2025-12-19 12:44:04
57931,OK,Deleted,2025-12-19 12:44:07
57932,OK,Deleted,2025-12-19 12:44:09
57938,OK,Deleted,2025-12-19 12:44:11
88551,OK,Deleted,2025-12-19 12:44:14
88554,OK,Deleted,2025-12-19 12:44:16
88559,OK,Deleted,2025-12-19 12:44:19
88561,OK,Deleted,2025-12-19 12:44:21
88566,OK,Deleted,2025-12-19 12:44:24
88567,OK,Deleted,2025-12-19 12:44:26
88568,OK,Deleted,2025-12-19 12:44:29
88569,OK,Deleted,2025-12-19 12:44:31
88578,OK,Deleted,2025-12-19 12:44:33
88581,OK,Deleted,2025-12-19 12:44:36
88588,OK,Deleted,2025-12-19 12:44:38
88589,OK,Deleted,2025-12-19 12:44:41
88591,OK,Deleted,2025-12-19 12:44:43
114377,OK,Deleted,2025-12-19 12:44:46
114379,OK,Deleted,2025-12-19 12:44:48
114385,OK,Deleted,2025-12-19 12:44:51
114389,OK,Deleted,2025-12-19 12:44:53
114390,OK,Deleted,2025-12-19 12:44:56
114395,OK,Deleted,2025-12-19 12:44:59
114399,OK,Deleted,2025-12-19 12:45:02
114400,NG,"TimeoutException: Message: None present: [""//button[normalize-space()='アクション']"", ""//a[normalize-space()='アクション']"", ""//*[normalize-space()='アクション']/ancestor::button[1]"", ""//*[normalize-space()='アクション']/ancestor::a[1]""] ; last=Message: no such element: Unable to locate element: {""method"":""xpath"",""selector"":""//*[normalize-space()='アクション']/ancestor::a[1]""}
  (Session info: chrome=143.0.7499.41); For documentation on this error, please visit: https://www.selenium.dev/documentation/webdriver/troubleshooting/errors#nosuchelementexception
Stacktrace:
Symbols not available. Dumping unresolved backtrace:
	0x7ff759ac88e5
	0x7ff759ac8940
	0x7ff7598a165d
	0x7ff7598f9a33
	0x7ff7598f9d3c
	0x7ff75994df67
	0x7ff75994ac97
	0x7ff7598eac29
	0x7ff7598eba93
	0x7ff759de0640
	0x7ff759ddaf80
	0x7ff759df96e6
	0x7ff759ae5de4
	0x7ff759aeed8c
	0x7ff759ad2004
	0x7ff759ad21b5
	0x7ff759ab7ee2
	0x7ffb21f0e8d7
	0x7ffb2342c53c

",2025-12-19 12:45:03
114405,OK,Deleted,2025-12-19 12:45:29
114409,OK,Deleted,2025-12-19 12:45:32
114413,OK,Deleted,2025-12-19 12:45:35
114420,OK,Deleted,2025-12-19 12:45:37
114424,OK,Deleted,2025-12-19 12:45:39
114427,OK,Deleted,2025-12-19 12:45:42
114435,OK,Deleted,2025-12-19 12:45:45
126746,OK,Deleted,2025-12-19 12:45:48
126764,OK,Deleted,2025-12-19 12:45:50
126779,OK,Deleted,2025-12-19 12:45:53
126782,OK,Deleted,2025-12-19 12:45:55
126783,OK,Deleted,2025-12-19 12:45:57
126786,OK,Deleted,2025-12-19 12:46:00
126795,OK,Deleted,2025-12-19 12:46:03
126803,OK,Deleted,2025-12-19 12:46:05
126804,OK,Deleted,2025-12-19 12:46:07
126810,OK,Deleted,2025-12-19 12:46:10
126811,OK,Deleted,2025-12-19 12:46:13
126814,NG,"TimeoutException: Message: None present: [""//button[normalize-space()='アクション']"", ""//a[normalize-space()='アクション']"", ""//*[normalize-space()='アクション']/ancestor::button[1]"", ""//*[normalize-space()='アクション']/ancestor::a[1]""] ; last=Message: no such element: Unable to locate element: {""method"":""xpath"",""selector"":""//*[normalize-space()='アクション']/ancestor::a[1]""}
  (Session info: chrome=143.0.7499.41); For documentation on this error, please visit: https://www.selenium.dev/documentation/webdriver/troubleshooting/errors#nosuchelementexception
Stacktrace:
Symbols not available. Dumping unresolved backtrace:
	0x7ff759ac88e5
	0x7ff759ac8940
	0x7ff7598a165d
	0x7ff7598f9a33
	0x7ff7598f9d3c
	0x7ff75994df67
	0x7ff75994ac97
	0x7ff7598eac29
	0x7ff7598eba93
	0x7ff759de0640
	0x7ff759ddaf80
	0x7ff759df96e6
	0x7ff759ae5de4
	0x7ff759aeed8c
	0x7ff759ad2004
	0x7ff759ad21b5
	0x7ff759ab7ee2
	0x7ffb21f0e8d7
	0x7ffb2342c53c

",2025-12-19 12:46:14
126815,OK,Deleted,2025-12-19 12:46:41
126816,OK,Deleted,2025-12-19 12:46:43
126818,OK,Deleted,2025-12-19 12:46:46
126821,OK,Deleted,2025-12-19 12:46:48
126822,OK,Deleted,2025-12-19 12:46:51
126826,OK,Deleted,2025-12-19 12:46:53
126840,OK,Deleted,2025-12-19 12:46:56
126843,OK,Deleted,2025-12-19 12:46:58
126853,OK,Deleted,2025-12-19 12:47:01
126855,OK,Deleted,2025-12-19 12:47:03
126859,OK,Deleted,2025-12-19 12:47:06
126860,OK,Deleted,2025-12-19 12:47:09
126861,OK,Deleted,2025-12-19 12:47:12
126863,OK,Deleted,2025-12-19 12:47:14
126871,OK,Deleted,2025-12-19 12:47:18
126873,OK,Deleted,2025-12-19 12:47:21
126901,OK,Deleted,2025-12-19 12:47:23
126905,NG,"TimeoutException: Message: None present: [""//button[normalize-space()='アクション']"", ""//a[normalize-space()='アクション']"", ""//*[normalize-space()='アクション']/ancestor::button[1]"", ""//*[normalize-space()='アクション']/ancestor::a[1]""] ; last=Message: no such element: Unable to locate element: {""method"":""xpath"",""selector"":""//*[normalize-space()='アクション']/ancestor::a[1]""}
  (Session info: chrome=143.0.7499.41); For documentation on this error, please visit: https://www.selenium.dev/documentation/webdriver/troubleshooting/errors#nosuchelementexception
Stacktrace:
Symbols not available. Dumping unresolved backtrace:
	0x7ff759ac88e5
	0x7ff759ac8940
	0x7ff7598a165d
	0x7ff7598f9a33
	0x7ff7598f9d3c
	0x7ff75994df67
	0x7ff75994ac97
	0x7ff7598eac29
	0x7ff7598eba93
	0x7ff759de0640
	0x7ff759ddaf80
	0x7ff759df96e6
	0x7ff759ae5de4
	0x7ff759aeed8c
	0x7ff759ad2004
	0x7ff759ad21b5
	0x7ff759ab7ee2
	0x7ffb21f0e8d7
	0x7ffb2342c53c

",2025-12-19 12:47:25
126908,OK,Deleted,2025-12-19 12:47:51
126910,OK,Deleted,2025-12-19 12:47:53
126919,OK,Deleted,2025-12-19 12:47:56
126930,OK,Deleted,2025-12-19 12:47:59
126931,OK,Deleted,2025-12-19 12:48:01
126935,OK,Deleted,2025-12-19 12:48:03
126942,OK,Deleted,2025-12-19 12:48:06
126948,OK,Deleted,2025-12-19 12:48:09
126949,OK,Deleted,2025-12-19 12:48:11
126955,OK,Deleted,2025-12-19 12:48:14
126957,OK,Deleted,2025-12-19 12:48:16
126959,OK,Deleted,2025-12-19 12:48:19
126961,OK,Deleted,2025-12-19 12:48:21
126963,OK,Deleted,2025-12-19 12:48:24
126964,OK,Deleted,2025-12-19 12:48:27
126966,OK,Deleted,2025-12-19 12:48:29
126971,OK,Deleted,2025-12-19 12:48:31
126976,OK,Deleted,2025-12-19 12:48:33
126978,OK,Deleted,2025-12-19 12:48:36
126984,OK,Deleted,2025-12-19 12:48:38
126989,OK,Deleted,2025-12-19 12:48:41
126991,OK,Deleted,2025-12-19 12:48:44
127008,OK,Deleted,2025-12-19 12:48:46
127010,OK,Deleted,2025-12-19 12:48:49
127011,OK,Deleted,2025-12-19 12:48:51
127016,OK,Deleted,2025-12-19 12:48:54
127019,OK,Deleted,2025-12-19 12:48:56
127020,OK,Deleted,2025-12-19 12:48:59
127021,OK,Deleted,2025-12-19 12:49:01
127024,OK,Deleted,2025-12-19 12:49:04
58458,OK,Deleted,2025-12-19 12:49:07
58459,OK,Deleted,2025-12-19 12:49:09
58460,OK,Deleted,2025-12-19 12:49:11
58461,OK,Deleted,2025-12-19 12:49:14
58462,OK,Deleted,2025-12-19 12:49:17
58463,OK,Deleted,2025-12-19 12:49:19
58464,OK,Deleted,2025-12-19 12:49:22
58465,OK,Deleted,2025-12-19 12:49:24
58466,OK,Deleted,2025-12-19 12:49:27
58467,OK,Deleted,2025-12-19 12:49:29
58468,OK,Deleted,2025-12-19 12:49:32
58469,OK,Deleted,2025-12-19 12:49:34
58470,OK,Deleted,2025-12-19 12:49:37
58477,OK,Deleted,2025-12-19 12:49:39
58478,OK,Deleted,2025-12-19 12:49:41
58479,OK,Deleted,2025-12-19 12:49:43
58480,OK,Deleted,2025-12-19 12:49:46
58482,OK,Deleted,2025-12-19 12:49:48
58483,OK,Deleted,2025-12-19 12:49:50
79307,OK,Deleted,2025-12-19 12:49:53
86852,OK,Deleted,2025-12-19 12:49:55
86856,OK,Deleted,2025-12-19 12:49:59
86886,OK,Deleted,2025-12-19 12:50:02
86889,OK,Deleted,2025-12-19 12:50:06
86893,OK,Deleted,2025-12-19 12:50:09
86896,OK,Deleted,2025-12-19 12:50:12
86897,OK,Deleted,2025-12-19 12:50:15
86908,OK,Deleted,2025-12-19 12:50:18
86910,OK,Deleted,2025-12-19 12:50:21
86916,OK,Deleted,2025-12-19 12:50:24
86917,OK,Deleted,2025-12-19 12:50:27
86935,OK,Deleted,2025-12-19 12:50:30
86936,OK,Deleted,2025-12-19 12:50:32
86940,OK,Deleted,2025-12-19 12:50:35
86942,OK,Deleted,2025-12-19 12:50:37
86954,OK,Deleted,2025-12-19 12:50:40
86955,OK,Deleted,2025-12-19 12:50:42
86958,OK,Deleted,2025-12-19 12:50:45
86961,OK,Deleted,2025-12-19 12:50:48
86965,OK,Deleted,2025-12-19 12:50:50
86989,OK,Deleted,2025-12-19 12:50:52
87000,OK,Deleted,2025-12-19 12:50:55
87003,OK,Deleted,2025-12-19 12:50:57
87004,OK,Deleted,2025-12-19 12:51:00
97239,OK,Deleted,2025-12-19 12:51:02
97240,OK,Deleted,2025-12-19 12:51:04
97241,OK,Deleted,2025-12-19 12:51:07
104774,OK,Deleted,2025-12-19 12:51:10
104778,OK,Deleted,2025-12-19 12:51:12
104780,OK,Deleted,2025-12-19 12:51:15
104783,OK,Deleted,2025-12-19 12:51:17
104786,OK,Deleted,2025-12-19 12:51:20
104788,OK,Deleted,2025-12-19 12:51:22
104794,OK,Deleted,2025-12-19 12:51:24
104797,OK,Deleted,2025-12-19 12:51:27
104798,OK,Deleted,2025-12-19 12:51:29
104799,OK,Deleted,2025-12-19 12:51:32
104803,OK,Deleted,2025-12-19 12:51:34
104806,OK,Deleted,2025-12-19 12:51:37
104809,OK,Deleted,2025-12-19 12:51:40
104812,OK,Deleted,2025-12-19 12:51:42
104816,OK,Deleted,2025-12-19 12:51:45
104824,OK,Deleted,2025-12-19 12:51:47
104825,OK,Deleted,2025-12-19 12:51:50
104829,OK,Deleted,2025-12-19 12:51:52
104836,OK,Deleted,2025-12-19 12:51:55
104838,OK,Deleted,2025-12-19 12:51:57
104841,OK,Deleted,2025-12-19 12:51:59
104842,OK,Deleted,2025-12-19 12:52:01
57907,OK,Deleted,2025-12-19 12:52:04
57908,OK,Deleted,2025-12-19 12:52:06
57909,OK,Deleted,2025-12-19 12:52:08
57910,OK,Deleted,2025-12-19 12:52:11
57911,OK,Deleted,2025-12-19 12:52:13
57912,OK,Deleted,2025-12-19 12:52:15
57913,OK,Deleted,2025-12-19 12:52:18
57914,OK,Deleted,2025-12-19 12:52:20
57915,OK,Deleted,2025-12-19 12:52:21
57916,OK,Deleted,2025-12-19 12:52:25
57918,OK,Deleted,2025-12-19 12:52:27
88598,OK,Deleted,2025-12-19 12:52:30
88600,OK,Deleted,2025-12-19 12:52:32
88601,OK,Deleted,2025-12-19 12:52:35
88603,OK,Deleted,2025-12-19 12:52:37
88604,OK,Deleted,2025-12-19 12:52:40
88605,OK,Deleted,2025-12-19 12:52:42
88607,OK,Deleted,2025-12-19 12:52:45
88608,OK,Deleted,2025-12-19 12:52:47
88609,OK,Deleted,2025-12-19 12:52:50
88611,OK,Deleted,2025-12-19 12:52:52
88612,OK,Deleted,2025-12-19 12:52:55
88613,NG,"TimeoutException: Message: None present: [""//button[normalize-space()='アクション']"", ""//a[normalize-space()='アクション']"", ""//*[normalize-space()='アクション']/ancestor::button[1]"", ""//*[normalize-space()='アクション']/ancestor::a[1]""] ; last=Message: no such element: Unable to locate element: {""method"":""xpath"",""selector"":""//*[normalize-space()='アクション']/ancestor::a[1]""}
  (Session info: chrome=143.0.7499.41); For documentation on this error, please visit: https://www.selenium.dev/documentation/webdriver/troubleshooting/errors#nosuchelementexception
Stacktrace:
Symbols not available. Dumping unresolved backtrace:
	0x7ff759ac88e5
	0x7ff759ac8940
	0x7ff7598a165d
	0x7ff7598f9a33
	0x7ff7598f9d3c
	0x7ff75994df67
	0x7ff75994ac97
	0x7ff7598eac29
	0x7ff7598eba93
	0x7ff759de0640
	0x7ff759ddaf80
	0x7ff759df96e6
	0x7ff759ae5de4
	0x7ff759aeed8c
	0x7ff759ad2004
	0x7ff759ad21b5
	0x7ff759ab7ee2
	0x7ffb21f0e8d7
	0x7ffb2342c53c

",2025-12-19 12:52:56
88616,OK,Deleted,2025-12-19 12:53:22
88618,OK,Deleted,2025-12-19 12:53:25
88619,NG,"TimeoutException: Message: None present: [""//button[normalize-space()='アクション']"", ""//a[normalize-space()='アクション']"", ""//*[normalize-space()='アクション']/ancestor::button[1]"", ""//*[normalize-space()='アクション']/ancestor::a[1]""] ; last=Message: no such element: Unable to locate element: {""method"":""xpath"",""selector"":""//*[normalize-space()='アクション']/ancestor::a[1]""}
  (Session info: chrome=143.0.7499.41); For documentation on this error, please visit: https://www.selenium.dev/documentation/webdriver/troubleshooting/errors#nosuchelementexception
Stacktrace:
Symbols not available. Dumping unresolved backtrace:
	0x7ff759ac88e5
	0x7ff759ac8940
	0x7ff7598a165d
	0x7ff7598f9a33
	0x7ff7598f9d3c
	0x7ff75994df67
	0x7ff75994ac97
	0x7ff7598eac29
	0x7ff7598eba93
	0x7ff759de0640
	0x7ff759ddaf80
	0x7ff759df96e6
	0x7ff759ae5de4
	0x7ff759aeed8c
	0x7ff759ad2004
	0x7ff759ad21b5
	0x7ff759ab7ee2
	0x7ffb21f0e8d7
	0x7ffb2342c53c

",2025-12-19 12:53:26
88620,OK,Deleted,2025-12-19 12:53:53
88623,OK,Deleted,2025-12-19 12:53:55
88624,OK,Deleted,2025-12-19 12:53:58
88625,OK,Deleted,2025-12-19 12:54:01
88626,OK,Deleted,2025-12-19 12:54:03
88627,OK,Deleted,2025-12-19 12:54:05
88628,NG,"TimeoutException: Message: None present: [""//button[normalize-space()='アクション']"", ""//a[normalize-space()='アクション']"", ""//*[normalize-space()='アクション']/ancestor::button[1]"", ""//*[normalize-space()='アクション']/ancestor::a[1]""] ; last=Message: no such element: Unable to locate element: {""method"":""xpath"",""selector"":""//*[normalize-space()='アクション']/ancestor::a[1]""}
  (Session info: chrome=143.0.7499.41); For documentation on this error, please visit: https://www.selenium.dev/documentation/webdriver/troubleshooting/errors#nosuchelementexception
Stacktrace:
Symbols not available. Dumping unresolved backtrace:
	0x7ff759ac88e5
	0x7ff759ac8940
	0x7ff7598a165d
	0x7ff7598f9a33
	0x7ff7598f9d3c
	0x7ff75994df67
	0x7ff75994ac97
	0x7ff7598eac29
	0x7ff7598eba93
	0x7ff759de0640
	0x7ff759ddaf80
	0x7ff759df96e6
	0x7ff759ae5de4
	0x7ff759aeed8c
	0x7ff759ad2004
	0x7ff759ad21b5
	0x7ff759ab7ee2
	0x7ffb21f0e8d7
	0x7ffb2342c53c

",2025-12-19 12:54:07
88629,OK,Deleted,2025-12-19 12:54:33
88630,OK,Deleted,2025-12-19 12:54:35
88631,OK,Deleted,2025-12-19 12:54:38
88636,OK,Deleted,2025-12-19 12:54:41
114443,OK,Deleted,2025-12-19 12:54:43
114444,OK,Deleted,2025-12-19 12:54:46
114445,OK,Deleted,2025-12-19 12:54:48
114449,OK,Deleted,2025-12-19 12:54:50
114450,OK,Deleted,2025-12-19 12:54:53
114451,OK,Deleted,2025-12-19 12:54:55
114452,OK,Deleted,2025-12-19 12:54:58
114453,OK,Deleted,2025-12-19 12:55:00
114454,OK,Deleted,2025-12-19 12:55:03
114455,OK,Deleted,2025-12-19 12:55:05
114456,OK,Deleted,2025-12-19 12:55:08
114460,OK,Deleted,2025-12-19 12:55:11
114462,OK,Deleted,2025-12-19 12:55:13
114464,OK,Deleted,2025-12-19 12:55:15
114465,OK,Deleted,2025-12-19 12:55:17
114466,OK,Deleted,2025-12-19 12:55:20
114469,OK,Deleted,2025-12-19 12:55:22
114471,OK,Deleted,2025-12-19 12:55:25
114472,OK,Deleted,2025-12-19 12:55:29
114476,OK,Deleted,2025-12-19 12:55:31
114483,OK,Deleted,2025-12-19 12:55:34
114484,OK,Deleted,2025-12-19 12:55:37
114486,OK,Deleted,2025-12-19 12:55:39
114488,OK,Deleted,2025-12-19 12:55:41
114490,OK,Deleted,2025-12-19 12:55:44
114491,OK,Deleted,2025-12-19 12:55:46
114495,OK,Deleted,2025-12-19 12:55:49
114496,OK,Deleted,2025-12-19 12:55:51
114497,OK,Deleted,2025-12-19 12:55:53
114498,OK,Deleted,2025-12-19 12:55:56
114500,OK,Deleted,2025-12-19 12:55:59
103122,OK,Deleted,2025-12-19 12:56:01
103797,OK,Deleted,2025-12-19 12:56:03
57420,OK,Deleted,2025-12-19 12:56:06
57838,OK,Deleted,2025-12-19 12:56:09
57840,OK,Deleted,2025-12-19 12:56:11
57841,OK,Deleted,2025-12-19 12:56:13
57842,OK,Deleted,2025-12-19 12:56:16
58533,OK,Deleted,2025-12-19 12:56:18
58557,OK,Deleted,2025-12-19 12:56:21
58558,OK,Deleted,2025-12-19 12:56:23
58559,OK,Deleted,2025-12-19 12:56:25
58560,OK,Deleted,2025-12-19 12:56:28
58561,OK,Deleted,2025-12-19 12:56:31
58562,OK,Deleted,2025-12-19 12:56:33
58563,OK,Deleted,2025-12-19 12:56:35
58564,OK,Deleted,2025-12-19 12:56:38
58565,OK,Deleted,2025-12-19 12:56:41
58566,OK,Deleted,2025-12-19 12:56:43
58567,OK,Deleted,2025-12-19 12:56:46
58568,OK,Deleted,2025-12-19 12:56:48
58569,OK,Deleted,2025-12-19 12:56:51
58570,OK,Deleted,2025-12-19 12:56:53
58571,OK,Deleted,2025-12-19 12:56:54
58572,OK,Deleted,2025-12-19 12:56:58
58573,OK,Deleted,2025-12-19 12:57:00
58574,OK,Deleted,2025-12-19 12:57:03
58575,OK,Deleted,2025-12-19 12:57:05
58576,OK,Deleted,2025-12-19 12:57:08
58577,OK,Deleted,2025-12-19 12:57:11
58578,OK,Deleted,2025-12-19 12:57:13
58579,OK,Deleted,2025-12-19 12:57:16
58580,OK,Deleted,2025-12-19 12:57:18
58581,OK,Deleted,2025-12-19 12:57:21
58582,OK,Deleted,2025-12-19 12:57:23
58583,OK,Deleted,2025-12-19 12:57:25
58584,OK,Deleted,2025-12-19 12:57:28
58585,OK,Deleted,2025-12-19 12:57:30
58586,OK,Deleted,2025-12-19 12:57:33
88679,OK,Deleted,2025-12-19 12:57:35
57315,OK,Deleted,2025-12-19 12:57:38
57316,OK,Deleted,2025-12-19 12:57:39
58374,OK,Deleted,2025-12-19 12:57:43
58380,OK,Deleted,2025-12-19 12:57:45
87285,OK,Deleted,2025-12-19 12:57:48
87361,OK,Deleted,2025-12-19 12:57:51
105033,OK,Deleted,2025-12-19 12:57:53
57745,OK,Deleted,2025-12-19 12:57:55
88736,OK,Deleted,2025-12-19 12:57:58
58280,OK,Deleted,2025-12-19 12:58:01
87389,OK,Deleted,2025-12-19 12:58:04
87436,OK,Deleted,2025-12-19 12:58:06
87446,OK,Deleted,2025-12-19 12:58:08
87489,OK,Deleted,2025-12-19 12:58:11
105098,OK,Deleted,2025-12-19 12:58:13
51308,OK,Deleted,2025-12-19 12:58:15
51310,OK,Deleted,2025-12-19 12:58:18
51311,OK,Deleted,2025-12-19 12:58:20
51312,OK,Deleted,2025-12-19 12:58:22
51313,OK,Deleted,2025-12-19 12:58:25
51314,OK,Deleted,2025-12-19 12:58:28
51315,OK,Deleted,2025-12-19 12:58:31
51317,OK,Deleted,2025-12-19 12:58:33
51318,OK,Deleted,2025-12-19 12:58:35
51321,OK,Deleted,2025-12-19 12:58:38
51322,OK,Deleted,2025-12-19 12:58:40
51323,OK,Deleted,2025-12-19 12:58:42
51324,OK,Deleted,2025-12-19 12:58:45
51325,OK,Deleted,2025-12-19 12:58:47
51326,OK,Deleted,2025-12-19 12:58:50
51328,OK,Deleted,2025-12-19 12:58:53
51329,OK,Deleted,2025-12-19 12:58:55
51330,OK,Deleted,2025-12-19 12:58:58
51332,OK,Deleted,2025-12-19 12:59:01
51333,OK,Deleted,2025-12-19 12:59:03
51334,OK,Deleted,2025-12-19 12:59:06
51335,OK,Deleted,2025-12-19 12:59:08
51336,OK,Deleted,2025-12-19 12:59:10
51337,OK,Deleted,2025-12-19 12:59:13
51338,OK,Deleted,2025-12-19 12:59:15
51339,OK,Deleted,2025-12-19 12:59:17
51340,OK,Deleted,2025-12-19 12:59:20
51341,OK,Deleted,2025-12-19 12:59:22
51342,OK,Deleted,2025-12-19 12:59:25
51343,OK,Deleted,2025-12-19 12:59:27
51344,OK,Deleted,2025-12-19 12:59:29
51345,OK,Deleted,2025-12-19 12:59:31
51346,OK,Deleted,2025-12-19 12:59:34
51347,OK,Deleted,2025-12-19 12:59:36
51348,OK,Deleted,2025-12-19 12:59:39
91826,OK,Deleted,2025-12-19 12:59:41
92614,OK,Deleted,2025-12-19 12:59:43
92645,OK,Deleted,2025-12-19 12:59:46
114773,OK,Deleted,2025-12-19 12:59:48
114776,OK,Deleted,2025-12-19 12:59:51
114777,OK,Deleted,2025-12-19 12:59:53
56231,OK,Deleted,2025-12-19 12:59:55
56233,OK,Deleted,2025-12-19 12:59:58
56234,OK,Deleted,2025-12-19 13:00:00
56236,OK,Deleted,2025-12-19 13:00:02
43016,OK,Deleted,2025-12-19 13:00:05
43020,OK,Deleted,2025-12-19 13:00:08
43023,OK,Deleted,2025-12-19 13:00:10
43029,OK,Deleted,2025-12-19 13:00:14
43047,OK,Deleted,2025-12-19 13:00:16
43051,OK,Deleted,2025-12-19 13:00:18
43061,OK,Deleted,2025-12-19 13:00:21
43063,OK,Deleted,2025-12-19 13:00:24
43066,OK,Deleted,2025-12-19 13:00:26
43068,OK,Deleted,2025-12-19 13:00:29
43071,OK,Deleted,2025-12-19 13:00:31
43075,OK,Deleted,2025-12-19 13:00:33
43078,OK,Deleted,2025-12-19 13:00:36
43083,OK,Deleted,2025-12-19 13:00:38
43084,OK,Deleted,2025-12-19 13:00:41
43092,OK,Deleted,2025-12-19 13:00:43
43101,OK,Deleted,2025-12-19 13:00:46
43103,OK,Deleted,2025-12-19 13:00:48
43110,OK,Deleted,2025-12-19 13:00:50
43112,OK,Deleted,2025-12-19 13:00:53
43116,OK,Deleted,2025-12-19 13:00:55
43122,OK,Deleted,2025-12-19 13:00:58
43133,OK,Deleted,2025-12-19 13:01:00
43134,OK,Deleted,2025-12-19 13:01:02
43141,OK,Deleted,2025-12-19 13:01:04
43142,OK,Deleted,2025-12-19 13:01:07
43144,OK,Deleted,2025-12-19 13:01:09
43147,OK,Deleted,2025-12-19 13:01:11
43153,OK,Deleted,2025-12-19 13:01:14
43158,OK,Deleted,2025-12-19 13:01:16
43161,OK,Deleted,2025-12-19 13:01:18
43162,OK,Deleted,2025-12-19 13:01:20
43177,OK,Deleted,2025-12-19 13:01:23
43180,OK,Deleted,2025-12-19 13:01:25
43183,OK,Deleted,2025-12-19 13:01:27
43184,OK,Deleted,2025-12-19 13:01:30
43205,OK,Deleted,2025-12-19 13:01:32
43207,OK,Deleted,2025-12-19 13:01:34
43217,OK,Deleted,2025-12-19 13:01:37
43220,OK,Deleted,2025-12-19 13:01:39
43222,OK,Deleted,2025-12-19 13:01:41
43224,OK,Deleted,2025-12-19 13:01:44
43227,OK,Deleted,2025-12-19 13:01:46
43232,OK,Deleted,2025-12-19 13:01:48
43235,OK,Deleted,2025-12-19 13:01:51
43241,OK,Deleted,2025-12-19 13:01:53
43245,OK,Deleted,2025-12-19 13:01:56
43250,OK,Deleted,2025-12-19 13:01:58
43252,OK,Deleted,2025-12-19 13:02:01
43261,OK,Deleted,2025-12-19 13:02:03
43266,OK,Deleted,2025-12-19 13:02:06
43268,OK,Deleted,2025-12-19 13:02:08
43270,OK,Deleted,2025-12-19 13:02:11
43273,OK,Deleted,2025-12-19 13:02:14
43275,OK,Deleted,2025-12-19 13:02:16
43282,OK,Deleted,2025-12-19 13:02:18
43284,OK,Deleted,2025-12-19 13:02:21
43285,OK,Deleted,2025-12-19 13:02:24
43286,OK,Deleted,2025-12-19 13:02:26
43292,OK,Deleted,2025-12-19 13:02:29
43295,OK,Deleted,2025-12-19 13:02:32
43297,OK,Deleted,2025-12-19 13:02:35
43298,OK,Deleted,2025-12-19 13:02:38
43300,OK,Deleted,2025-12-19 13:02:41
43312,OK,Deleted,2025-12-19 13:02:43
43313,OK,Deleted,2025-12-19 13:02:46
43316,OK,Deleted,2025-12-19 13:02:49
43323,OK,Deleted,2025-12-19 13:02:52
43324,OK,Deleted,2025-12-19 13:02:55
43327,OK,Deleted,2025-12-19 13:02:58
43328,OK,Deleted,2025-12-19 13:03:02
43334,OK,Deleted,2025-12-19 13:03:05
43336,OK,Deleted,2025-12-19 13:03:08
43337,OK,Deleted,2025-12-19 13:03:11
43348,OK,Deleted,2025-12-19 13:03:13
43349,OK,Deleted,2025-12-19 13:03:16
43352,OK,Deleted,2025-12-19 13:03:20
43361,OK,Deleted,2025-12-19 13:03:23
43366,OK,Deleted,2025-12-19 13:03:26
43374,OK,Deleted,2025-12-19 13:03:29
43376,OK,Deleted,2025-12-19 13:03:33
43383,OK,Deleted,2025-12-19 13:03:36
43387,OK,Deleted,2025-12-19 13:03:39
43393,OK,Deleted,2025-12-19 13:03:42
43394,OK,Deleted,2025-12-19 13:03:45
43401,OK,Deleted,2025-12-19 13:03:48
43408,OK,Deleted,2025-12-19 13:03:50
43413,OK,Deleted,2025-12-19 13:03:54
43442,OK,Deleted,2025-12-19 13:03:57
43444,OK,Deleted,2025-12-19 13:04:00
43447,OK,Deleted,2025-12-19 13:04:03
43448,OK,Deleted,2025-12-19 13:04:05
43452,OK,Deleted,2025-12-19 13:04:08
43453,OK,Deleted,2025-12-19 13:04:11
43454,OK,Deleted,2025-12-19 13:04:15
43458,OK,Deleted,2025-12-19 13:04:18
43472,OK,Deleted,2025-12-19 13:04:21
43475,OK,Deleted,2025-12-19 13:04:24
43477,OK,Deleted,2025-12-19 13:04:27
47208,OK,Deleted,2025-12-19 13:04:30
47209,OK,Deleted,2025-12-19 13:04:33
47215,OK,Deleted,2025-12-19 13:04:36
47216,OK,Deleted,2025-12-19 13:04:39
47220,OK,Deleted,2025-12-19 13:04:42
47223,OK,Deleted,2025-12-19 13:04:45
47229,OK,Deleted,2025-12-19 13:04:48
47247,OK,Deleted,2025-12-19 13:04:51
47251,OK,Deleted,2025-12-19 13:04:54
47261,OK,Deleted,2025-12-19 13:04:57
47263,OK,Deleted,2025-12-19 13:04:59
47266,OK,Deleted,2025-12-19 13:05:03
47268,OK,Deleted,2025-12-19 13:05:05
47271,OK,Deleted,2025-12-19 13:05:08
47275,OK,Deleted,2025-12-19 13:05:11
47278,OK,Deleted,2025-12-19 13:05:15
47283,OK,Deleted,2025-12-19 13:05:18
47284,OK,Deleted,2025-12-19 13:05:21
47292,OK,Deleted,2025-12-19 13:05:24
47301,OK,Deleted,2025-12-19 13:05:27
47303,OK,Deleted,2025-12-19 13:05:30
47310,OK,Deleted,2025-12-19 13:05:33
47312,OK,Deleted,2025-12-19 13:05:36
47316,OK,Deleted,2025-12-19 13:05:39
47322,OK,Deleted,2025-12-19 13:05:42
47333,OK,Deleted,2025-12-19 13:05:45
47334,OK,Deleted,2025-12-19 13:05:48
47341,OK,Deleted,2025-12-19 13:05:51
47342,OK,Deleted,2025-12-19 13:05:54
47344,OK,Deleted,2025-12-19 13:05:57
47347,OK,Deleted,2025-12-19 13:06:00
47353,OK,Deleted,2025-12-19 13:06:03
47358,OK,Deleted,2025-12-19 13:06:05
47361,OK,Deleted,2025-12-19 13:06:08
47362,OK,Deleted,2025-12-19 13:06:11
47377,OK,Deleted,2025-12-19 13:06:14
47380,OK,Deleted,2025-12-19 13:06:17
47383,OK,Deleted,2025-12-19 13:06:20
47384,OK,Deleted,2025-12-19 13:06:23
47405,OK,Deleted,2025-12-19 13:06:25
47407,OK,Deleted,2025-12-19 13:06:28
47417,OK,Deleted,2025-12-19 13:06:31
47420,OK,Deleted,2025-12-19 13:06:34
47422,OK,Deleted,2025-12-19 13:06:36
47424,OK,Deleted,2025-12-19 13:06:39
47427,OK,Deleted,2025-12-19 13:06:42
47432,OK,Deleted,2025-12-19 13:06:45
47435,OK,Deleted,2025-12-19 13:06:48
47441,OK,Deleted,2025-12-19 13:06:50
47445,OK,Deleted,2025-12-19 13:06:53
47450,OK,Deleted,2025-12-19 13:06:56
47452,OK,Deleted,2025-12-19 13:06:59
47461,OK,Deleted,2025-12-19 13:07:02
47466,OK,Deleted,2025-12-19 13:07:05
47468,OK,Deleted,2025-12-19 13:07:07
47470,OK,Deleted,2025-12-19 13:07:10
47473,OK,Deleted,2025-12-19 13:07:13
47475,OK,Deleted,2025-12-19 13:07:16
47482,OK,Deleted,2025-12-19 13:07:19
47484,OK,Deleted,2025-12-19 13:07:22
47485,OK,Deleted,2025-12-19 13:07:25
47486,OK,Deleted,2025-12-19 13:07:28
47492,OK,Deleted,2025-12-19 13:07:31
47495,OK,Deleted,2025-12-19 13:07:34
47497,OK,Deleted,2025-12-19 13:07:37
47498,OK,Deleted,2025-12-19 13:07:40
47500,OK,Deleted,2025-12-19 13:07:42
47512,OK,Deleted,2025-12-19 13:07:45
47513,OK,Deleted,2025-12-19 13:07:48
47516,OK,Deleted,2025-12-19 13:07:51
47523,OK,Deleted,2025-12-19 13:07:54
47524,OK,Deleted,2025-12-19 13:07:57
47527,OK,Deleted,2025-12-19 13:08:00
47528,OK,Deleted,2025-12-19 13:08:03
47534,OK,Deleted,2025-12-19 13:08:06
47536,OK,Deleted,2025-12-19 13:08:09
47537,OK,Deleted,2025-12-19 13:08:12
47548,OK,Deleted,2025-12-19 13:08:14
47549,OK,Deleted,2025-12-19 13:08:18
47552,OK,Deleted,2025-12-19 13:08:21
47561,OK,Deleted,2025-12-19 13:08:24
47566,OK,Deleted,2025-12-19 13:08:27
47574,OK,Deleted,2025-12-19 13:08:30
47576,OK,Deleted,2025-12-19 13:08:32
47583,OK,Deleted,2025-12-19 13:08:35
47587,OK,Deleted,2025-12-19 13:08:38
47593,OK,Deleted,2025-12-19 13:08:41
47594,OK,Deleted,2025-12-19 13:08:43
47601,OK,Deleted,2025-12-19 13:08:46
47608,OK,Deleted,2025-12-19 13:08:49
47613,OK,Deleted,2025-12-19 13:08:52
47642,OK,Deleted,2025-12-19 13:08:54
47644,OK,Deleted,2025-12-19 13:08:57
47647,OK,Deleted,2025-12-19 13:09:00
47648,OK,Deleted,2025-12-19 13:09:03
47652,OK,Deleted,2025-12-19 13:09:06
47653,OK,Deleted,2025-12-19 13:09:10
47654,OK,Deleted,2025-12-19 13:09:13
47658,OK,Deleted,2025-12-19 13:09:17
47672,OK,Deleted,2025-12-19 13:09:21
47675,OK,Deleted,2025-12-19 13:09:25
47677,OK,Deleted,2025-12-19 13:09:28
51210,OK,Deleted,2025-12-19 13:09:31
51222,OK,Deleted,2025-12-19 13:09:34
51226,OK,Deleted,2025-12-19 13:09:36
51238,OK,Deleted,2025-12-19 13:09:39
51244,OK,Deleted,2025-12-19 13:09:42
51252,OK,Deleted,2025-12-19 13:09:45
51253,OK,Deleted,2025-12-19 13:09:48
51254,OK,Deleted,2025-12-19 13:09:51
51256,OK,Deleted,2025-12-19 13:09:53
51274,OK,Deleted,2025-12-19 13:09:56
51282,OK,Deleted,2025-12-19 13:09:59
51288,OK,Deleted,2025-12-19 13:10:02
51293,OK,Deleted,2025-12-19 13:10:05
128953,OK,Deleted,2025-12-19 13:10:08
53218,OK,Deleted,2025-12-19 13:10:23
53292,OK,Deleted,2025-12-19 13:10:39
53304,OK,Deleted,2025-12-19 13:10:55
53394,OK,Deleted,2025-12-19 13:11:12
53397,OK,Deleted,2025-12-19 13:11:27
53398,OK,Deleted,2025-12-19 13:11:44
53401,OK,Deleted,2025-12-19 13:11:59
53402,OK,Deleted,2025-12-19 13:12:16
53410,OK,Deleted,2025-12-19 13:12:31
53411,OK,Deleted,2025-12-19 13:12:47
53416,OK,Deleted,2025-12-19 13:13:04
53421,OK,Deleted,2025-12-19 13:13:19
53424,OK,Deleted,2025-12-19 13:13:35
53425,OK,Deleted,2025-12-19 13:13:51
53433,OK,Deleted,2025-12-19 13:14:07
53434,OK,Deleted,2025-12-19 13:14:23
53440,OK,Deleted,2025-12-19 13:14:39
53442,OK,Deleted,2025-12-19 13:14:55
53444,OK,Deleted,2025-12-19 13:15:11
53446,OK,Deleted,2025-12-19 13:15:27
53453,OK,Deleted,2025-12-19 13:15:43
53459,OK,Deleted,2025-12-19 13:16:00
53465,OK,Deleted,2025-12-19 13:16:16
53466,OK,Deleted,2025-12-19 13:16:32
53469,OK,Deleted,2025-12-19 13:16:48
53470,OK,Deleted,2025-12-19 13:17:04
53472,OK,Deleted,2025-12-19 13:17:20
53473,OK,Deleted,2025-12-19 13:17:36
53474,OK,Deleted,2025-12-19 13:17:53
53475,OK,Deleted,2025-12-19 13:18:09
53476,OK,Deleted,2025-12-19 13:18:25
53477,OK,Deleted,2025-12-19 13:18:41
53478,OK,Deleted,2025-12-19 13:18:57
53479,OK,Deleted,2025-12-19 13:19:13
53480,OK,Deleted,2025-12-19 13:19:29
53481,OK,Deleted,2025-12-19 13:19:45
53482,OK,Deleted,2025-12-19 13:20:01
53483,OK,Deleted,2025-12-19 13:20:17
53484,OK,Deleted,2025-12-19 13:20:33
53485,OK,Deleted,2025-12-19 13:20:49
53486,OK,Deleted,2025-12-19 13:21:05
53487,OK,Deleted,2025-12-19 13:21:21
53488,OK,Deleted,2025-12-19 13:21:37
53489,OK,Deleted,2025-12-19 13:21:53
53490,OK,Deleted,2025-12-19 13:22:09
53491,OK,Deleted,2025-12-19 13:22:25
53492,OK,Deleted,2025-12-19 13:22:41
53493,OK,Deleted,2025-12-19 13:22:57
53494,OK,Deleted,2025-12-19 13:23:13
53495,OK,Deleted,2025-12-19 13:23:29
53496,OK,Deleted,2025-12-19 13:23:45
53497,OK,Deleted,2025-12-19 13:24:01
53498,OK,Deleted,2025-12-19 13:24:17
53499,OK,Deleted,2025-12-19 13:24:33
53500,OK,Deleted,2025-12-19 13:24:49
53501,OK,Deleted,2025-12-19 13:25:06
53502,OK,Deleted,2025-12-19 13:25:22
53503,OK,Deleted,2025-12-19 13:25:38
51095,OK,Deleted,2025-12-19 13:25:54
